comment_text,author,votes,time
"Khoảng 4-5 tập nữa là có vòng gala, sẽ là tập mà 8 người thắng cuộc ở các vòng loại chơi với nhau. 🎉

Còn mấy tập này chỉ là vòng loại thôi, nên mọi người đừng toxic người chơi quá nha. 😢

Like, Chia Sẻ, Bình Luận và Đăng Ký kênh để tăng tương tác cho video, để tụi mình có động lực quay nhanh series và có vòng Gala nhanh nhất nha ❤❤❤

P/s: Ai muốn tham gia sinh tồn các vòng loại như tập này thì có thể truy cập Lamvlog.com và đặt 1 chiếc áo để có cơ hội tham gia, thử thách bản thân nha 😂",,"1,2 N",2 tháng trước (đã chỉnh sửa)
Làm giải trí hay quá ❤❤❤❤❤,@kenhcaunguyenmoiN,0,3 ngày trước
Em muốn tham gia,@sang123phanhai,0,5 ngày trước
Muon choi thi mua ao sơ mi hay mua ao nao cung dc choi ta?,@hasang8291,0,6 ngày trước
"VŨ TRỤ TOP 1 SINH TỒN RỒI, CHƠI NÀY NHƯ ĐI NGHĨ DƯỠNG VỚI VŨ THOAI😂",@tranbaogiang3225,1,6 ngày trước
Thương mà chơi chắc khách mời đến xong về 😂,@ninhnguyen192,0,6 ngày trước
Nhìn ông chỗ ngủ của tú tôi ko nhịn được cười 😅,@SinhDuong-m7v3v,0,8 ngày trước
Xem 1/3 video đã biết ai thắng,@tranbaoviet2804,0,9 ngày trước
thử thách 1 tuần hoặc 1 tháng như vậy mới đáng xem,@TuấnNgoc-f1e,0,10 ngày trước
sinh tồn bên a thấy chán,@TuấnNgoc-f1e,0,10 ngày trước
làm sao để tham gia,@ThanhDat-p2m,0,11 ngày trước
Thấy cái mặt thằng đại vô dụng chơi hay lắm gì cũng vậy đu heo,@HồngPhướcTrần-t7e,0,11 ngày trước
Sặc nước luôn ông tưởng chà bá ăn con tép mà làm sạch con tép kakala,@ThaoNguyen-ur4si,0,11 ngày trước
Ah vũ trụ kinh nghiệm quá,@HienLe-yd7fb,0,12 ngày trước
Vũ Trụ thì khỏi chê rất giỏi làm chổi đep gọn các bạn trẻ nhỏ nên theo cháu Vũ Trụ học hỏi đề thành công nha,@ThaoMinh-v4r,0,12 ngày trước
Top 1 sinh tồn Vũ Trụ Vlog trà trộn vào đây chiến với tân thủ 😂😂,@ThienLocTrinh,0,13 ngày trước
tre thì cả đống.   mà cái đầu ở đâu ở dưới đất hok à.   làm cái liều nhìn muốn tạch luôn rồi 😂,@Hair-Stylist-Flower,0,13 ngày trước
Chơi game mà đội chủ nhà toàn ngủ để bảo toàn năng lượng :)),@PhongTruong-e6e,0,13 ngày trước
Quá đã,@LanhHa-q8x,0,2 tuần trước
mày làm clip sinh tồn muốn hay và xác thuật thì nên mời những thành viên như vũ trụ hay những thành viên biết sinh tồn chứ mày cho mâý thằn con nít bít cái cuồn què gì mà sinh tồn nhìn chả ra sao,@VuLe-mp3lu,0,2 tuần trước
"hello anh, em fan anh đc 5 năm và cũng ở bình dương (cũ) mà vẫn chưa gặp anh hihi",@lephuong-h7j,1,2 tháng trước
GALA VU TRỤ WIN LUÔN MÌNH NGHĨ VẬY,@quangluanle6372,17,2 tháng trước
>???,@dunghuynh729,1,2 tháng trước
Mấy thằng ất ơ kênh lâm cho vào tấu hề chứ làm ăn gì. Ngoài thương ra thì toàn ông kễnh.,@ThangTran-tw6tn,0,2 tháng trước
dự án này đã có từ  năm trước rồi có mời mình mà núc đấy mình không đủ tuổi 😂😂😂😂,@ĐạtThành-s6r,1,2 tháng trước
"Game này phải đưa bạn thương vô mới đọ lại dc với vũ trụ , vũ hay làm vlog sinh tồn nên kỹ năng cao",@vantan090,10,2 tháng trước
" @vantan090 mình nghĩ vũ chắc cân đc cả team a Lâm á 😂😂 mình cày náy video ông Vũ r , trâu phết đấy",@QuốcChíTrương-t7o,4,2 tháng trước
Coá Ai Muốn anh lâm vlog làm thử thách xay nhà bằng gạch nữa ko nhỉ  khách mời 10 người người nhà 10 người tham gia xay nhà đầu tư thêm sơn lên gạch vẽ màu mè các thứ chấm điểm ai đẹp thì 1 sao ai ko đẹp thì 5 sao hay 10 sao 20 sao gì đấy kiểu đi ngược thời đại hài hài tí mong anh lâm vlog rép nhoa 💖💖💖,@Bitzy_Funki,1,2 tháng trước
Chưa chắc bn ơi còn ông vua sinh tồn thươn ko gờ,@khanhphan2k10,1,2 tháng trước
Vũ trụ là ông  chùm  sinh  tồn,@huulenguyen6306,0,2 tháng trước
" @khanhphan2k10 ông Thương tay ngang thôi , còn ông Vũ Trụ này chuyên gia r , có kênh sinh tồn từ mấy năm trc , sinh tồn tay không , sinh tồn 1v1 tay ko các kiểu , rừng biển sa mạc ji trải nghiệm hết r",@QuốcChíTrương-t7o,0,2 tháng trước
Chờ gala chắc căng lắm lần này có cả vũ trụ ah thương nữa thì thôi rồi,@duyn.t9856,1,2 tháng trước
" @duyn.t9856 a Vũ Trụ ra clip đều đều nv thì kinh nghiệm lắm r , xem nát video ổng thì thấy chơi map rừng ngập mặn chắc khó nhất , chứ mấy map trong rừng , đảo thì dễ vs ổng quá 🤣🤣",@QuốcChíTrương-t7o,4,2 tháng trước
Nếu  game không phát sinh vấn đề nhân phẩm thì vũ trụ sẽ lấy gala lần này,@quangluanle6372,2,2 tháng trước (đã chỉnh sửa)
"Bạn mời thêm hiếu tv nữa cũng là top sinh tồn đấy , vs vòng gala nâng mức thưởng 3-40tr lên mới đủ độ nặng cho game chứ 20tr bèo quad",@hieusure,3,2 tháng trước
Cho em đăng ký sinh tồn với anh,@toptrader1234,0,2 tháng trước
Tập sau anh mời sang vlog đi anh cho hấp dẫn hơn ạ❤,@TânSửu-d1p,5,2 tháng trước
"Mình hóng Lâm mời Sang của Sang Vlogs và Sanh của Khám Phá Biển Tv, còn 3 tập nữa mới Gala mà, hi vọng 3 tập sau có đối thủ xứng tầm với Vũ và Thương 👍👍👍",@nhanle0307,2,2 tháng trước
 @quangluanle6372  chính xác. Trao quà cho vũ trụ sớm đi kkaka,@bongvttv8928,1,2 tháng trước
Anh lâm nên đưa thương vô đầu vs vũ trụ ở vòng gala mới có video kinh điển sinh tồn lâm vloc,@NguyenVen-u8h,0,2 tháng trước
​ @NguyenVen-u8h ok nè❤❤❤,@bongvttv8928,0,2 tháng trước
" @nhanle0307 mời thêm mấy ng đó , chắc quay cả tuần hơn quá 🤣🤣",@QuốcChíTrương-t7o,0,2 tháng trước
Anh ơi mời SangVlog đi anh 🥰,@Annie10379,0,2 tháng trước
"Nếu team Lâm Vlog liên hệ và collab được với team PHD làm các tập sinh tồn, trốn tìm, thử thách thì chắc chắn sẽ bùng nổ Youtube Việt Nam luôn.",@minhducpham7150,0,2 tháng trước
Hóng a Lâm đấu sinh tồn với Vũ trụ vlog,@VanNguyen-oc9gn,0,2 tháng trước
mình mua áo lâu rồi mà mình chưa được tham gia,@SonTran-m8d4r,0,2 tháng trước
​ @QuốcChíTrương-t7o tui cũng thế fan vũ trụ nhìn là thấy 😂😂,@duyn.t9856,1,2 tháng trước
Anh Lâm mời trúng quái vật Vũ trụ rồi-)) mà coi vậy mới cuốn,@nhanngoc-265,0,2 tháng trước
Có vũ trụ là hay rồi 😊😊,@Nhungtrầnvlog-e6k,0,2 tháng trước
"Để anh vũ trụ tham gia cùng anh thương đi anh, 2 trùm sinh tồn vào solo với nhau 😂",@ata_gaming2866,0,2 tháng trước
​ @khanhphan2k10   9 xác bạn,@binganhoa80,0,2 tháng trước
Anh ơi. Shop toàn hết hàng à. Mua áo khoác mà vào mấy lần rồi toàn hết,@LanVương.Mortal,0,2 tháng trước
Mới gặp anh lâm ở gẫy về cái bị người ta tông gãy 2 ngón và được anh tên trong áo vàng biết  và ảnh gửi ích quà😂😅,@gondongthi1651,0,2 tháng trước
Mình mà sinh tồn thì đẳng cấp luôn.,@thuykkim6584,0,2 tháng trước
tụi em thích kiểu sinh tồn.  nên mong anh ra video này liên tục.,@Hair-Stylist-Flower,0,2 tháng trước
Qan trọng a sang chơi kh á,@taitran1618,0,2 tháng trước
vòng gala mình nghĩ sẽ là tay ko sinh tồn quá! khắc nghiệt người chơi buộc thể hiện kỹ năng,@kudenali9849,0,2 tháng trước
"Anh lam ơi em muốn anh làm 1 tập sinh tồn 2tem slo nhau ạ , tem PHD với Tem anh lâm",@phamhoang90,0,2 tháng trước
"ông vũ trụ thắng luôn ak, thấy cái kết rồi.kkk",@tytdaiphuoc6226,1,2 tháng trước
Bạn tài trợ đi ​@hieusure,@nhatduc1425,1,2 tháng trước
coi được 2’ đầu thấy mặt ông vũ trụ thì bt luon kết quả😂😂,@tuyentrinh-r9v,1,2 tháng trước
Mời sang vlog làm khách mời 1 lần anh lâm nhỉ,@baongoclethi5358,0,2 tháng trước
Đợt này nhìn bạn lam già thế,@DuanNguyen-tc3xt,0,2 tháng trước
Làm clip mà cho mọi người đốt lửa ngay những bụi cây trong rừng thì quá ngu dốt nhé👍 Nên phổ biến lại anh em,@anhphamsim592,0,2 tháng trước
Sang nó sạo lắm,@최영일-k1t,0,2 tháng trước
Tập này với mình là sự ngu dốt của cả team nhé. Để đốt lửa giữa rừng thì chịu rồi😅,@anhphamsim592,0,2 tháng trước
"Mời thêm Sang Vlog sinh tồn chung kết với Vũ Trụ Vlog mới gay cấn, chấn động VN luôn á, còn mấy người khác chưa đủ trình :(",@hienlovetv,0,2 tháng trước
Chào Lâm.video quá hây và hấp dẫn.Chúc em và ê-kíp luôn thành công.Có cơ hội nào cho mình một vé tham gia Sinh tồn được không.Cảm ơn Lâm nhiều.Chúc luôn mạnh khỏe.,@DelightMunch,0,2 tháng trước
Trên vùng cao nguyên đi chú,@thaitruongpham6128,0,2 tháng trước
"Mình mua ở đó không được, có thể liên hệ trực tiếp mua bên ngoài được không. Mình rất muốn tham gia cuộc thi tới đây ak.",@ThienNguyen-f3h8t,0,2 tháng trước
Tuyệt vời❤,@Nhatkysinhtontv,0,2 tháng trước
Đừng để mấy cu nhóc đốt lửa bừa bài trong rừng vậy em ơi. hậu quả nặng nề không giải quyết nổi đâu. Dẹp ngay đi còn kịp,@anhphamsim592,0,2 tháng trước
em mới vừa đặt 1 chiếc áo hi vọng được anh mời :)),@phuctrong3940,0,2 tháng trước
Anh lâm ơi anh nhanh xe ri mơi nhất đi anh lâm😊😊😊😊😊😊😊❤❤❤,@KỳVăn-f8e,0,2 tháng trước
cách đăng ký tham gia ạ,@PhúcNguyễn-k4u,0,2 tháng trước
A,@DễThị-c8i,0,2 tháng trước
kỹ năng mấy anh này còn yếu quá,@NghiaPhan-wt4sl,0,1 tháng trước
"10,9tr sud khủng quá bạn ơi👍👍👍❤️",@uclevan144,0,1 tháng trước
Helo anh lăm,@SangNguyễnHùynh-f9h,0,1 tháng trước
 @nhanle0307 Sang vl nói k với diễn😂,@LyNguyen8-k7x,0,1 tháng trước
Áo hết hàng hết rồi,@trieuphu3254,0,1 tháng trước
​ @quangluanle6372  t đang đăng kí mà ko được. Để t vô rồi coi idol vũ trụ m tuổi j😂😂😂,@trieuphu3254,0,1 tháng trước
​ @trieuphu3254  là sao nữa,@quangluanle6372,0,1 tháng trước
 @trieuphu3254  ĐANG HÓNG BẠN ZÔ,@quangluanle6372,0,1 tháng trước
Tập 1 đâu anh😃,@PhátDương-m6e,0,1 tháng trước
T ko cần những thứ gì m vẫn sinh tồn được huống chi,@mario_2025-rio,0,1 tháng trước
CT,@ThắmKiều-b5m,0,3 tuần trước
Thấy cá nhìu mà mấy ông ít bắt quá,@Hoàng77-KaKa,0,2 tuần trước
"Anh Lâm ơi, làm Gala người quán quân các tập rồi thì làm luôn Gala Á Quân đi anh, thấy Á Quân nào cũng hay hết",@Moinguoimotcuocsong,0,2 tuần trước
Vũ trụ làm liều hay cư trú đẹp   mê nha,@HuỳnhMai-s6z,0,2 tuần trước
"Sinh tồn trong rừng thì Hiếu tv số 1, sinh tồn biển thì Vũ trụ cũng số 1. Mình nghĩ vậy.",@TienNguyen-fr2cs,0,2 tuần trước
Nếu mua áo bên vào cách nào để màu áo bên e,@PhongXuan-f2d,0,2 tuần trước
Mua áo bằng áo bằng cách nào nào,@PhongXuan-f2d,0,2 tuần trước
Làm sao mà đấu với vũ trụ hỉ😂😂😂,@HaiNguyen-x4s7q,0,2 tuần trước
Cho mình theo với,@ĐộVăn-s2n6l,0,2 tuần trước
Tập này dễ hơn tập ngoài biển mà tạch sớm quá,@HữuTấn-g4e,0,2 tuần trước
tánh linh bình thuận xã suối kiết,@nhanNguyen-em8og,0,2 tuần trước
"Mới xem xong Vũ Trụ vlog sinh tồn 10ngày trên đảo hoang chỉ bằng con dao, tự tạo lửa😅.nể luôn",@KhangVũ-d1f,0,2 tuần trước
0,@minhtannguyen-o7f,1,2 tuần trước
Tú càng ngày càng chán:))) thiệt luôn thay đổi nhiều quá lúc trước còn đỡ,@DoanVanPhat,0,3 tuần trước
.,@vitgaming4240,0,3 tuần trước
.,@ChipSợYêu-v8d,0,3 tuần trước
"Sau video này mới biết đến ông Vũ trụ , đầu clip thấy ổng chọn vị trí làm nơi trú ẩn là lấy ổng win rồi. 👍",@GunKillShot-404,0,3 tuần trước
Anh Vũ Trụ quá đỉnh,@minhnhut8613,0,3 tuần trước
Ông vũ trụ sinh tồn hay thật,@BaoTV.10X,0,3 tuần trước
Ae tui mà sinh tồn trong rừng có khi khá lâu chưa ở đó mà 5ngay xi nhê j,@AnNguyễn-o2m1r,0,3 tuần trước
Gala chắc dừng sớm bớt đau khổ...chứ Vũ Trụ kia hơi mạnh😂,@ThắngDinh-z3k,0,3 tuần trước
Tú đi theo tấu hài thì đc😂,@46c-cnnguyenngoctu88,0,3 tuần trước
Gọi ngay con Boss tới tham gia trương trình.thì các thí sinh kia chỉ như là mũi chích iNoc.các em tham gia kĩ năng sinh tồn còn quá yếu.chỉ là tham gia trãi nghiệm cho vui thôi.mà xem video còn cười vì sự hồn nhiên như cô tiên của máy nhóc mà🤣,@lamchanbao4803,0,3 tuần trước
.,@quytin4k11,0,3 tuần trước
Toàn mấy thằng con nhà công tử đi sinh tồn😂,@NguyenKevin-t6p,0,3 tuần trước
"Vũ Trụ nói chuyện êm tai mà còn rất giỏi, kĩ năng sinh tồn thì thượng thừa",@hoanchungpham,0,3 tuần trước
Mới vô coi nhìn mặt là biết trâu đến cùng rồi,@TomTom-p7y,0,3 tuần trước
"Nhìn ông vũ trụ phong thái rất bình tĩnh ,nhẹ nhàng,xem mà mê luôn",@NgọcAnh-m9x,0,3 tuần trước
Solo sao lại với ôg vũ trụ 😂,@toannguyen-jb8oj,1,3 tuần trước
"Chơi rất điềm đạm, hiền lành và đẳng cấp. T sẽ đăng ký Vũ Trụ Vlogs.",@NgocQuanBui-z3l,0,3 tuần trước
"Các em tem LâmVlog thiếu sáng tạo quá, sao không làm chủ đề sinh tồn trong Resort 5 sao...",@wenchuchee,0,3 tuần trước
Ra tập ngoài biển nữa đi a,@Susuchien1,0,3 tuần trước
"Ôi !! có ông vũ trụ Vlog vào sinh tồn cái nó cuốn hẳn luôn ạ, có ai giống mình tim cái đi 😅😅",@nhưtiên-f8c,0,3 tuần trước
Ngáo z ní,@tutran007,0,3 tuần trước
Vũ trụ ok phết 😂,@nihonkonokitrinh6458,0,3 tuần trước
Yeahhh!!! Vũ Tru won.  He is my most favorite,@Mykoi123,0,3 tuần trước
Xem 2 thang doi nha kem qua,@phungbaymb,0,3 tuần trước
Vũ Trụ vlog nhìn nhàn vậy 😸,@Cgggggggggg2556,0,3 tuần trước
Sang vlog nhiều sup thui chứ tuổi gì với Vủ Trụ😂,@PhiBưởiDaXanh,1,3 tuần trước
"Kĩ năng sinh tồn ở nơi hoang vu thực sự rất quan trọng mà. Lơ ngơ là tối mơ thấy ông bà liền😂. Nếu là mình thì ngoài bắt cá, còn có thể đi bẫy chim chuột kiếm tí thịt cho nó bén",@CanhQuanVietNam,0,3 tuần trước (đã chỉnh sửa)
.,@ximuoi113tvximuoi2,0,3 tuần trước
Chơi gì đầu hàng lần 1:nùi vậy chèn 😂,@NetworkPi-y6r,0,4 tuần trước
Vũ trụ kĩ năng sinh tồn cao,@VanvuVo-hh5yl,0,4 tuần trước
Game này quá dể,@ThuK-zr4cl,0,4 tuần trước
thích xem vũ trụ vlog sinh tồn hầu như ổng đi sinh tồn chỉ cầm 1 con dao duy nhất ❤❤❤,@Solongnuonghanhmo19,0,4 tuần trước
h,@HuongNguyen-y5k5k,0,4 tuần trước
"Tú sinh tồn quá kém, lười kinh khủng, lười mà biện minh là bảo tổn năng lượng. Chòi thì không làm, đi kiếm đồ ăn thì không kiếm, chịu đói hết nổi thì chịu thua, nói chung quá vô dụng, Lâm trả lương để nhân viên làm video kiểu này thì ối giời ôi, yêu cầu team không cho các thành phần vô dụng này vào các video sinh tồn",@thanhvinhnguyen8849,0,4 tuần trước (đã chỉnh sửa)
Có cho Nữ chơi ko anh,@tiepho3558,0,4 tuần trước
sếp giang nhìn trẻ quá 😂,@TuanLe-sj7hu,0,1 tháng trước
vũ trụ vlog và đối thủ nhẹ kí của a ấy,@phucnguyen-cf8ff,0,1 tháng trước
mình có xem vũ trụ nên nghĩ sẽ thắng khi chưa xem video đã cmt,@tr-nh-qu,0,1 tháng trước
Vũ trụ vlog bá vl 😂,@Gấu-h3h,0,1 tháng trước
Vũ trụ nhìn gầy da ngăm đúng chất dân sinh tồn 😅,@kiemtienonline3657,0,1 tháng trước
Nhìn mấy cậu ấm chán nhể 😂,@KimtoanVo-b4o,0,1 tháng trước
Anh vũ trụ đúng chất sinh tồn 😮,@MinhTinhLe-vq5li,0,1 tháng trước
th Giang lè nhà lè nhè rách việc thật,@tegony1,0,1 tháng trước
Tú chán quá,@nguyenphong2507,0,1 tháng trước
Xem đầu video mình đoán vũ trụ thắng,@PhuongLieu75,0,1 tháng trước
"T mê ông vũ trụ rồi nha, kỹ năng đỉnh",@NhịnHoàng-l7b,0,1 tháng trước
Cho thêm gói gia vị nữa uk,@lamvlog8944,0,1 tháng trước
Cao thủ Sinh tồn là đây ❤,@thihennguyen7650,0,1 tháng trước
"Bạn vũ trụ rất chịu khó,có khí chất của người làm vườn và hay đi rừng,thân thiện vui vẻ nữa",@SonNguyen-eo6gh,0,1 tháng trước
Toàn người không có kinh nghiệm,@hinu-h9d,0,1 tháng trước
Ai solo sinh tồn và tui Ko,@TâyNhất-e9p,0,1 tháng trước
Mình nghĩ nên thêm có muối hoặc muối hảo hảo cho mấy bn ăn đở nhạt 😅 nhìn ăn nguyên bản tội wá😂,@KhanhLinh-rg4kp,0,1 tháng trước
ít ra sinh tồn phải cho ng ta cầm cái rựa hoặc con dao,@TyMinh-n3p,0,1 tháng trước
Vừa coi dc tí thấy ông Vũ Trụ thắng chắc rồi 🥹🥹🥹,@tanhoale3357,0,1 tháng trước
❤❤❤,@BinBa-m7t,0,1 tháng trước
Ô vũ trụ có nhìu kinh nghiệm,@sonsailam2802,0,1 tháng trước
❤❤❤❤ Không biết bao giờ được mời đấu thử sinh tồn mình chơi cả năm cũng được ❤❤❤❤,@thanhvungo9072,0,1 tháng trước
❤❤❤,@vantruongvlog21,0,1 tháng trước
Kkkkk ai chứ ông nội Vũ Trụ này ổng ở đâu k ở đc. Kkkk😂😂😂😂😂 trùm của trùm sinh tồn.,@HoaNguyen-hn8ts,0,1 tháng trước
Mê chú vũ trụ nha chú bình tĩnh làm việc gì cũng nhẹ nhàng mê luôn,@Yuna_san.,0,1 tháng trước
"Cái ông mà bẻ măng, đào khoai quen rừng rồi ở luôn trong rừng chắc cũng được",@ChuyênGiaKiểmĐịnhSP,0,1 tháng trước
edit xem cười xỉu 😂❤,@danhlam6700,0,1 tháng trước
Chưa xem mà t biết ai thắng rồi! Chơi gì lại vũ trụ 😅,@NamBa-d1t,0,1 tháng trước
"Sinh tồn hoài mấy map rừng, đảo, sa mạc, đồng ruộng như này hoài cũng chán rồi anh Lâm ơi. Có thể đổi 1 số map mới như: rừng ngập mặn, hoặc map khu đô thị bỏ hoang, sinh tồn trên đỉnh núi, 
Hoặc có thể đổi thể lệ 1 chút cho series sinh tồn này thú vị hơn, ví dụ  cho các bạn tự đóng 1 cái bè và thả ra hồ dầu tiếng cho sinh tồn trên đó.",@kyluan93,0,1 tháng trước
hay,@animetvpro4364,0,1 tháng trước
Mua sản phẩm là đc thảm gia hả a,@qcamp2529,0,1 tháng trước
"Đã có Best Vũ Trụ ... Thì chỉ có Sang Vlog , Anh Bông , Em Sanh mới Cân nổi ... Cho mấy AE tàn sát lẫn nhau chắc là  đỉnh lắm 🎉🎉🎉❤❤❤❤❤",@MinhMinh1989VN,2,1 tháng trước
Ông vũ trụ sinh tồn hay vãi🎉,@HuyềnKim-c2u2q,0,1 tháng trước
❤,@VũHuyềnLê-x2l,0,1 tháng trước
"đáng lẽ ra mấy clip gọi là sinh tồn, team nên mời hoặc tuyển chọn kĩ chút cho clip hấp dẫn, chứ sinh tồn mà xem đơn giản quá hok gay cấn hấp dẫn",@THTuan,0,1 tháng trước
Sinh tồn kiểu gì mà không có động lực gì hết vậy. Kiểu chơi chơi cho có,@TienNguyen-mb1yp,0,1 tháng trước
Ông Vũ Trụ ổng sinh tồn chuyên nghiệp rồi. Team ông Lâm tham gia lót đường chứ nhìn mấy ổng lười vs chân quá,@Duagaming63,0,1 tháng trước
Lâm ơi cho mình đăng ký chơi với mình chỉ mình cách đăng ký và tham gia,@THincoivlog,0,1 tháng trước
"Vũ Trụ và Lâm  thật thà chất phát có nét giống nhau như hai anh em .
Vũ cố gắng rất nhiều để ra clip hay,trung thực cho mọi người xem . Xin Lâm và các khán giả trẻ có quý mến Vũ thì giới thiệu cho mọi người đăng ký cho Vũ mau lãnh nút vàng nha . ( Cô là khán giả lớn tuổi (gần 70)  trung thành của 2 kênh này và quý mến các thành viên lắm nhất là Vũ , Lâm và Toàn )",@lamnhatduy2830,7,1 tháng trước
E đăng ký chơi dc hong a,@HoangHuy-z7b,0,1 tháng trước
"Toàn thằng thông minh ,ko cần nhóm lửa luôn",@HoangHuy-z7b,0,1 tháng trước
"Anh vũ trụ quá đỉnh, từ đầu là thấy anh có kiến thức sinh tồn",@jingwenvlog1918,0,1 tháng trước
Lúc ân đi câu cá ngày 3 nhạc grow a garden kìa,@NhinChin-rc2uw,0,1 tháng trước
Ông vũ trụ bị out trình quá ròi,@DragonBlack-n4j,0,1 tháng trước
.,@HoàngNguyễn-d9l7x,0,1 tháng trước
hgt,@huyenocau3615,0,1 tháng trước
coi nữa tập thoi là đủ biết aii win luôn=))),@mr.nohacpe5268,0,1 tháng trước
Tym,@ĐÌNHTHINGUYÊN-g5k,0,1 tháng trước
Ông vũ trụ này ok nè lúc đầu thấy làm chỗ ngủ thôi là biết ông biết cách sinh tồn ròi😊,@nguyenrac182,0,1 tháng trước
"Sau này có làm clip sinh tồn thì cho thằng tú nó ở nhà đi anh Lâm, có nó đi tốn đồ ăn chứ chẳng được tích sự gì,nhìn nó như thằng làm biến, không có chút nào gọi là năng lực,clip sinh tồn nào có mặt nó là mất vui",@OngnoiMayne-wi3kz,0,1 tháng trước
Thông minh thật ban ngày ko lo nhóm lửa dụng trại đi.. tối mấy lọ chịu.. nói thật lỡ có bắt đk mồi trả nhé ăn sống 😂😂😂😂,@TopHoi,0,1 tháng trước
Phan thiết dơ cánh tay nào ae ơi,@oxiu2006,0,1 tháng trước
Nếu em tham gia chắc nhất luôn,@cuocsonglamthue.8913,0,1 tháng trước
Có ông Thương nữa mới hay,@datxike173,0,1 tháng trước
vũ trụ quá hay,@HoàngDungTrần-e4d,0,1 tháng trước
Nhìn ông vũ trụ thấy kĩ năng st đỉnh hơn mấy người còn lại❤,@Khangg-b1w,0,1 tháng trước
Vũ Trụ vlog cao thủ rồi ai chơi lại,@misinhsan6699,0,1 tháng trước
Ông Vũ trụ giỏi quá luôn í,@LuuThiyennhung2415,0,1 tháng trước
Chưa coi hết mà biết ai thắng từ vòng giới thiệu lun😂,@thuylethanh3682,0,1 tháng trước
ông vũ trụ sinh tồn nhàn thật =))),@MinhKhangNguyenPham-k9v,0,1 tháng trước
🍀,@QuanTran-jq7pu,0,1 tháng trước
Vũ trụ out trình quá 😂,@NghiaLuong-pb9wy,0,1 tháng trước
Kỹ năng của vũ trụ vlog là khổi bàn rồi.tôi mới coi thôi kết quả chưa biết nhưng nào nhưng chắc là ổng thắng.,@NamHoangphuc,0,1 tháng trước
Nhìn ông vũ trụ sây trại là biết bro rồi,@DfaoNhaan,0,1 tháng trước
tập này toàn công tử xem chán vc 😂,@TranHau-qt5mm,0,1 tháng trước
cái mặt ông áo xám giống thầy giáo 3,@16promaxIphone-t4u,0,1 tháng trước
Mời ông Vũ Trụ Vlos thì khỏi nói 😅 cha đó sinh tồn đỉnh à nha 😅 mấy khách mời kia gg là cái chắc,@KhaNguyen-zf3sr,0,1 tháng trước
♥️,@NamPham-bz5sh,0,1 tháng trước
2,@minhtanvo8395,0,1 tháng trước
vũ trụ vlog đúng chất là đi sinh tồn,@travjsalone895,0,1 tháng trước
Đoán vội vũ trụ tháng thì phải thì vũ trụ là vô sinh tồn ❤❤❤❤,@PhongMua-q4h,0,1 tháng trước
ℙ𝕣𝕖𝕞𝕚𝕦𝕞,@dang_loading,0,1 tháng trước
Vũ trụ trắng chắc rồi.,@PhiNguyen-cb8nx,0,1 tháng trước
Hi,@ThếTốngQuang,0,1 tháng trước
Hi. chào cả nhà.,@HuyOnTheGo,1,1 tháng trước
ước gì đc tham gia giao luu cùng a vũ trụ 1 game hẹ hẹ ❤ vừa stragames là thây có kêt quả rôi 😅,@BaoHuynh-vj6gh,0,1 tháng trước
Mới xem biết ai thắng luôn ak 😅,@SuongBui-c3x,0,1 tháng trước
"Anh ân, 9:37 9:39 Ân gói dấy bạt 😂",@trongtri01,0,1 tháng trước
Làm sao dc a Lâm mời chơi vậy a,@DuyDuy-h4x,0,1 tháng trước
Chơi này xog chắc về sổ sán là vừa 😂,@KhanhGia-h3k,0,1 tháng trước
Nếu mà tôi mà đi tham gia trong rừng như này cle bản thân mình sống một tháng luôn quá,@LangvănTân-x1j,0,1 tháng trước
Em có gửi Mail cho anh rồi ạ em muốn gia nhập team ạ,@nguyenhoainam3366,0,1 tháng trước
Từ lúc bắt đầu thử thách làm nơi trú ẩn là mình đoán được người nào sẽ bỏ cuộc sớm rồi mình thấy ông vũ trụ là ok nhất,@TrungHoàng-c2o,0,1 tháng trước (đã chỉnh sửa)
Haizzzzz vừa tạo acc gặp trùm cuối :(,@VuNguyen-ls4up,0,1 tháng trước
Vũ trụ out trình quá,@hoangbz6441,0,1 tháng trước
🎉🎉🎉,@GzhzhzhxZbzbz,0,1 tháng trước
Ông vũ trụ có khinh nghiệm sinh tồn luôn,@soolee1207,0,1 tháng trước
quả đỏ đỏ giống măng cụt ngoài bắc quả đấy tên quả chu gọi tên theo từng khu vựa đặc sản ăn ngon lắm anh,@linhvan547,0,1 tháng trước
Sao ekip ko đem theo lều ta 😂,@PhátTrần-j3b,0,1 tháng trước
tập này hây đồ đạc giống nhau thi đấu công bằng thắng bại tại kỹ năng,@2k4jinbei17,0,1 tháng trước
Hi anh,@Caucatunhien98,0,1 tháng trước
Vừa thấy Vũ là biết kết quả rồi… fan Vũ Trụ nha mọi người,@hauc.e.oofficial,0,1 tháng trước
Vũ trụ xứng đáng luôn á .,@OanhTiit,0,1 tháng trước
Vũ trụ out trình,@QuangDuc23,0,1 tháng trước
Trao giải cho sếp vũ trụ trước đi a lâm,@minhle-nl4kc,0,1 tháng trước
quá hay luôn . trong rừng này ai mà vip vip tí là chỉ cần 1 xẻng 1 riều hoặc cưa vs lửa là ở cả 100 ngày cũng được,@Sergeant-H2,0,1 tháng trước
Em đi đc ko anh Lâm em đi là ở 1 tháng luôn😊,@Tuanvlog-zx1yf,0,1 tháng trước
Ân cute v,@HQ--BuiThiPhuongAnh,0,1 tháng trước
Mình muốn choi,@aoTruc-tl6yv,0,1 tháng trước
a vũ ông trùm sinh tồn kkkk,@HIEUMEOOFFICIAL,0,1 tháng trước
Vl ông Vũ Trụ Vlog vừa nghe tên là biết out trình mấy ông còn lại luôn ấy,@LâmHuỳnhNgọc-d6x,0,1 tháng trước
"E muốn thi một lần 
E thật lòng muốn 
E iu a",@LuanNguyen-so3sf,0,1 tháng trước
Cho t tú vô phí slot,@sunny6434,0,1 tháng trước
Ko tháng đc AK sang vlog đâu 😂❤🎉,@BanHa-tr7dm,0,1 tháng trước
mời ah côn bên phd team đi :)) bx cs ah thắng bên phd rồi :),@mink11-min,0,1 tháng trước
Mong vòng gala là sinh tồn để gặp vua lì đòn 😂,@tranthuc5990,0,1 tháng trước
Chơi luôn 1 tháng tui sẽ đăng ký Chơi,@NoOk-h2q,0,1 tháng trước
12 tiếng quá dễ,@NoOk-h2q,0,1 tháng trước
moi vo thay ong vu tru biet thang vong` nay r kkk,@tuenguyen5569,0,1 tháng trước
Ông vũ trụ thì nói làm gì nữa. Pro rồi,@haivu3931,0,1 tháng trước
vào gala mà sinh tồn nữa thì vũ trụ lại win,@AnhDentist91,0,1 tháng trước
Mời sang vlong chơi đi anh ơi 😂,@quangbui2268,0,1 tháng trước
Ah lâm làm cả ngàn clip đánh lửa mà mấy ông này đánh nhìn hài vãi😢 éo hiểu kiểu gì,@mintodeloc7377,0,1 tháng trước
.,@tichuotchaotuibay,0,1 tháng trước
.,@tranquoctrung8279,0,1 tháng trước
Anh Vũ Trụ nhìn giản dị hiền lành quá,@Shuynday23,0,1 tháng trước
Vũ trụ chơi hay quá lần sau mời nữa đi ạ,@aitran5477,0,1 tháng trước
chúc team a Lâm làm nhiều clip về sinh tồn như này nữa,@Sinhtồnhoangdã-68,0,1 tháng trước
ae sinh tồn  hay sinh quảng cáo,@VanphucTran-sf7kb,0,1 tháng trước
vừa mới giới thiệu người chơi là biết vũ trụ vlog win rồi kk,@AnhDentist91,0,1 tháng trước
ae nuôi  bl ha ae.,@VanphucTran-sf7kb,0,1 tháng trước
Miền tây mãi đỉnh bạn ơi ❤❤❤,@ThietPhan-l8d6x,0,1 tháng trước
vũ trụ ao trình hết,@nguyenduyhuy1016,0,1 tháng trước
Ông Vũ trụ vlog có kênh riêng mà...sao chơi lại,@thanhkhuongnguyen7870,0,1 tháng trước
"A Vũ Trụ đỉnh quá , a Quang ổng ướt như chuột nhìn khổ khổ thương ghê luôn",@ngocnhinguyenthi9183,0,1 tháng trước
Xem anh vũ trụ từ phd qua đây đúng ãnh sinh tồn đỉnh thật.,@anhnguyen-vq3jj,0,1 tháng trước
Sang sinh tôn chỉ  một  cái dao  tạo  lửa  bằng tre  mấy anh  này  dùng  đủ thú,@SuunBong,0,1 tháng trước
team Lâm giờ làm nền cho khách mời thôi ko thấy cố gắng nữa,@mashupvpopcover2439,0,1 tháng trước
xem mấy thử thách kiểu này chỉ nhớ tới anh Thương,@mtuanz,0,1 tháng trước
Từ đầu clip là bik ai thắng r.. a Vũ trụ sinh tồn dữ quá,@onizuka7411741,0,1 tháng trước
"Ông vũ trụ khóc hay sao í thấy nước mắt rớt
😢😢",@PhongBuiduy-i9h,0,1 tháng trước
tắt máy quay lại mang đồ hộp đồ kho có hi bia ra hup. hậu trường khác lên video,@SimSimTV-20,0,1 tháng trước
"đông người như vậy thì khoảng bao nhiêu ng quay camera mới quay kịp nhỉ , e tò mò hihi",@LanTrình-v5v,0,1 tháng trước
"Ông Giang nc phân tích kiểu tri thức , triết lý múa lửa là tui nghi nghi tạch sớm rồi 😂😂",@thanhtungtran394,2,1 tháng trước
bạn ơi nhưng ko phải người đầu tiên kaka,@taixỉusepgiang,0,1 tháng trước
18 t  mún chơi đc ko anh,@truongmenhac,0,1 tháng trước
Sinh tồn mà tú ngủ z thôi còn j là thi sinh tồn,@lamvohoang3050,0,1 tháng trước
Vlog của ông Vũ Trụ chứ sinh tồn j :))),@taivui,0,1 tháng trước
"Có lời khen cho ông Vũ Trụ
Nhưng không nấu canh măng cá suối là sai lầm về ẩm thực nha ông😂",@toiyeuyuamikami1457,0,1 tháng trước
Vô đập trụ kìa,@huyle-mw4cu,0,1 tháng trước
Người thắng  cuộc  này  là  kênh vũ trụ vlog.  Sinh tồn  rất  đỉnh,@HoaNguyenThai-qi9yn,0,1 tháng trước
Khó ai thắng đc ông vũ trụ  lắm,@TiếnMạnh-v8p,0,1 tháng trước
:),@VũKhangĐoànPhan,0,1 tháng trước
Ôg win đó nhìn ôg quỷ  điệt vc,@HungNguyen-bw5rs,0,1 tháng trước
hi,@quyn3640,0,1 tháng trước
Xinh quá,@KhảiĐức-r2d,0,1 tháng trước
Vũ trụ cố em ủng hộ anh đùnglàm em thất vọng😅😅😅😅😅😅,@dathagiang1912,0,1 tháng trước
"Người miền Tây k làm tôi thất vọng,10đ , Sinh tồn mà chill như đi du lịch=))",@ĐạtTrầnPhước-t5i,0,1 tháng trước
Ông tú phế vật trả biết lm qq gì thôi,@Vinhca196,0,1 tháng trước
Chuc mung em vu tru ❤❤❤🎉🎉🎉,@范玉饒-c4i,0,1 tháng trước
Chuc mung em vu tru co kha nang chien thang nha co len 😮🎉🎉🎉😊,@范玉饒-c4i,0,1 tháng trước
Mấy ông kia chơi kiểu cho có . A vũ trụ quá hấp dẫn,@VyLuu-um7zh,0,1 tháng trước
"anh vũ trụ sướng ghê, được 2 idol quay video luôn, 1 là Phương Hữu Duong 2 lam vlog 😅",@baolamne1,0,1 tháng trước
🦁,@ThànhTrầnMinh-q7q,0,1 tháng trước
Thằng ko mag ao di quay.thah ngồi rứa nằm ngu.kich ban co sẵn ….chán 😊,@chunglengoc5328,0,1 tháng trước
Còn thử thách nào không em tham gia với anh ơi,@HoangfHuy-m8l,0,1 tháng trước
Mới vào video thấy a vũ trụ chắc là win r,@anh5805,0,1 tháng trước
j,@mrlu3497,0,1 tháng trước
tại hạ bái phục Tú :D,@legiang7100,0,1 tháng trước
"Ông Vũ trụ vlogs kỹ năng sinh tồn đỉnh vđ, tìm được cả củ mài 😊",@Longnt1403,0,1 tháng trước
1 nam tui ms xem lai. ko sinh ton tui khong bh xem,@phamnhanchanel1309,0,1 tháng trước
Nhìn thấy ông Vũ Trụ vlog là hiểu r =]]],@VuNguyen-ls4up,0,1 tháng trước
hay phết,@NguyễnThuNgân-h2q6j,0,1 tháng trước
Máy ông này sinh tồn mà tháy hơi tội nha 😅,@Xuânhóa-x2t3c,0,1 tháng trước
"Ông vũ trụ không thấy hình chỉ nghe tiếng thôi lại thấy giống ông Thương ghê á, tham gia chương trình bao chill :))",@viphan8901,0,1 tháng trước
Vũ Trụ Vlog chơi thì thứ nào chịu nổi :))),@hinhpv,0,1 tháng trước
Em thấy sinh tồn cũng dễ mà có thêm bộ dụng cụ nx thì dễ rồi,@CanhNgoMinh,0,1 tháng trước
Ông vũ trụ thì ao trình quá,@Truyenngan04,0,2 tháng trước
Ông vũ trụ vlog sinh tồn là đỉnh kũa đỉnh goỳ khõi kần bàn,@luuangkhoa8392,0,2 tháng trước
Ông vũ trụ kỹ năng sinh tồn tốt quá,@ThyTrầnDiễm-n1n,0,2 tháng trước
Toàn bọn gà công ngiệp😂 trừ vũ trụ,@Hàngbãigiátốt,0,2 tháng trước
Vũ trụ số 1 vn,@HieuNguyen-xi9ff,1,2 tháng trước
Vũ trụ vlong đỉnh rồi ông từng trội lênh đênh sông vung tàu😊,@Minhhen1997,0,2 tháng trước
Đăng ký tham gia thử thách đc k anh Lâm,@NhatDongNaiVlog,0,2 tháng trước
Mình xinh tồn 10 ngày còn được .vụ trụ volog xinh tồn Qên rồi sao chơi lại.nen thắng là tất nhiên rồi,@tatio9475,0,2 tháng trước
Ông vũ trụ chuyên sinh tồn ai chơi lại ổng,@TrungThuậnNguyễn-o2j,0,2 tháng trước
Cho e xin vị trí với a Lâm:))),@haitran1454,0,2 tháng trước
Thằng tú mà chơi cái gì chỉ ở nhà ăn thôi,@quochailuu551,0,2 tháng trước
Thật ôg vũ trụ đẳng cấpp,@EmTruongcanh-j6x,0,2 tháng trước
Cho anh hào vô quay cùng đi,@endermanpro7927,0,2 tháng trước
Chú Vũ Trụ dễ thương ghê á,@ctnvamotchutkiniem,0,2 tháng trước
Ae cho hỏi làm sao để tham gia sinh tồn ạ,@Ninhntvlog,0,2 tháng trước
Anh nhìn già hơn rồi😢,@HoangNguyen-dv3yz,0,2 tháng trước
đầu game nhìn phát bt vũ trụ vlog win r😂,@KhangMinh-c8s,0,2 tháng trước
"Mỗi người 1 nơi chứ.
Ở gần nhau ntn. Chưa kịch tính lắm",@ChOMTV93,0,2 tháng trước
K cho đem thuốc hút hã?,@vanthanh6400,0,2 tháng trước
Nhìn ông vũ trụ chill vãiii,@NguyênTên-u2y,1,2 tháng trước
goat vũ trụ,@TamTran-rr7sq,0,2 tháng trước
Chả ra cái quái gì mà cũng có người xem,@WWTIENNGA,0,2 tháng trước
Vừa vào videos thấy vũ trụ là biết ai win rồi 😂😂😂,@butottv4215,0,2 tháng trước
Em nghî anh vs sinh tón voi sang vlog,@LongHoàng-n4k,1,2 tháng trước
Đẩy nhanh seri này đi anh,@mrnobody98246,0,2 tháng trước
Biết chắc là ong vu tru thang roi.vi ong sinh tồn cung hay lắm,@hongaole5834,0,2 tháng trước
🤬🤬🤬🤬🤬🤬🤬🤬🤬🤬🤬🤬🤬,@baothie557,0,2 tháng trước
Sinh tồn thì được một mình ông vũ trụ out trình..  còn mấy ông kia công tử bột biết kĩ năng sinh tồn là gì đâu..,@hoanglinhnguyen9942,0,2 tháng trước
Sinh tồn lâu ngày mà nhìn cái chòi là thấy ko ổn rồi 😂😂,@HơnA-o1e,0,2 tháng trước
"Em mến chào các anh và cả nhà,xem các anh tự sinh tồn trong rừng thật vui và hấp dẫn và được có thưởng rất vui ❤❤🎉🎉 like",@phuoctongmientay,0,2 tháng trước
Có vũ trụ vlog thêm sang vlog nữa sinh tồn cả năm😂,@Lee_of,0,2 tháng trước
Vu tru hoi đăng cấp nhe thang chất,@Sangvan-i9g,0,2 tháng trước
làm sao đăng kí tham gia chương trình đc ạ,@PhúcNguyễn-k4u,0,2 tháng trước
Vu trụ quay toàn ở biển nên cũng bớt,@TinNguyen-z6w3k,0,2 tháng trước
Vũ trụ vlo win chắc,@TinNguyen-z6w3k,0,2 tháng trước
A. e fam a lâu rồi cho e chơi thử thách hoi a 1 lần đc hok a,@ThànhTúLý-z8g,0,2 tháng trước
Chúc Anh lâm vlg sớm đặt 11 triệu sút nha thấy thì cho xin 1 ❤nhé,@giangthihoa6368,0,2 tháng trước
Anh,@giangthihoa6368,1,2 tháng trước
Mấy bạn có ai biết chính xác chổ nào ở Tánh Linh Bình Thuận ko ạ? Cho mình xin location với 🥲,@chienvo4604,0,2 tháng trước
Anh làm phần 6 ở rừng ngập mặn TP HCM đi🎉,@hieuphung-fk6zy,0,2 tháng trước
Cho thằng tú out hộ cái. Vd sinh tồn nào cũng chỉ nằm ngủ rồi out. Chả có tác dụng gì,@huyHoàng-v8q5n,0,2 tháng trước
Chưa xem thì đã biết kết quả rồi. Người thì lm bên sinh tồn quá rành với dễ thích nghi. Người thì hùi giờ chỉ là người bình thường hoặc chơi để cho vui thì xem sao mà hấp dẫn đc? Mất cân bằng game.,@VuPhan-n4h,0,2 tháng trước
Mấy khứa này đi sinh tồn mà làm biến vãi thiệt,@sangvan4684,0,2 tháng trước
Bữa nào cho em chơi Sinh tồn thử với anh ơi,@ĐạiNguyễnSỹ-c9t4c,0,2 tháng trước
Tập này chán tài nguyên nhiều z mà kĩ năng hơi yếu có mỗi chú vũ trụ vớt vát đc,@GiangLan-f2x,0,2 tháng trước
A Vũ Trụ đỉnh vchh,@dungvuong3146,0,2 tháng trước
Nhìn mấy ông thành phố nhìn kỹ năng kém thật sự làm nhà mà như mấy đứa con nít làm trò chơi cơm canh😅,@duongtranvlog1488,0,2 tháng trước (đã chỉnh sửa)
công tử bột không có anh vũ trụ là hayy,@NHD.2005,0,2 tháng trước
Ông  vũ trụ sinh tồn chill thật 😂😂😂😂,@thanhduy8593,0,2 tháng trước
Câu ngu lại bảo cá không ăn,@NamNguyễnhoàng-f3l,0,2 tháng trước
Sinh tồn kiểu này thực tế hay nè,@thanhduy8593,0,2 tháng trước
"Khứa Tú là người giỏi nhất á mọi người, mưa vậy mà nằm trùm vậy ngủ được. Ngồi ngay ngắn nhận của anh em tôi 1 lạy",@luongtudo,0,2 tháng trước
Toàn gà công nghiệp,@havandauha,0,2 tháng trước
"S tập này tui chính thức là fan anh Vũ Trụ nha chăm chỉ siêng năng chịu khó , chúc kênh anh phát triển nhiều hơn nữa nghen❤",@ngoc_nhu_9_7,0,2 tháng trước
vũ trụ đúng kiểu sinh tồn,@cunconvolg884,0,2 tháng trước
"mới coi dc vài phút, đoán ngay Vũ Trụ Vlogs sẽ chiến thắng rồi. Để coi hết xem có bất ngờ gì ko.",@MarkDo9x,0,2 tháng trước
"Mình có xem clip của vũ trụ, xem clip sinh tồn thì vũ trụ thắng chắc rồi.",@haphihai9407,0,2 tháng trước
Vũ trụ hay nha kỷ năng đầy mình,@DuongTrongLe,0,2 tháng trước
Duhexc,@Gamehayyyy,0,2 tháng trước
A vũ trụ có duyên quá có giải cũng ok 🎉,@thanhphuongnguyen1024,0,2 tháng trước
"Vũ Trụ vlog mà ko win vòng này tui đi bằng đầu , đẳng cấp cỡ ổng thì khỏi phải bàn rồi 😂",@LongNguyen-vo5kt,0,2 tháng trước
Thấy ông lâm với ông vũ trụ vlog giống nhau quá trời . Ko biết ngày xưa ông bà có đi đâu gặp nhau ko . 😂😂 a em ai thấy thế ko,@trungphamvlog2723,0,2 tháng trước
Gì chứ có Vũ Trụ tham gia là thấy win rồi ổng trùm sinh tồn mà 😂,@soilj5421,0,2 tháng trước
Quá tuyệt vời ❤,@mcthanhloan3312,0,2 tháng trước
Mến Vũ Trụ nha,@CôngLê-r1c,0,2 tháng trước
Em xin slot xinh tồn đc ko ah lâm😢,@NguyenHung-wj7lz,0,2 tháng trước
Ông quang nhìn mặt hiền lành quá,@vietle-md3zk,0,2 tháng trước
Em rất mong a lâm mời em trong cuộc đời :(( em thật sự rất muốn tham gia bản thân cùng vs thử thách của anh,@RopKa-m6s,0,2 tháng trước
Anh vũ trụ đẳng cấp,@Daovannha97,0,2 tháng trước
Lâu lâu xem video của a lâm mà quảng cáo nhiều quá. Chắc e phải tải về xem cho đỡ quảng cáo thôi 😅😅😅,@atangel2415,0,2 tháng trước
"mọi người: củi ướt, mưa dột, lửa không lên, chòi lạnh,...
Vũ trụ: ăn cá, măng, khoai, làm chòi, ... =)))",@nguyenkhang4141,0,2 tháng trước
H cái bụng kh khác gì bụng bầu,@NguyeninhKhoi-zb2qk,0,2 tháng trước
51:45 nhạc GAG:)),@kietanh3648,0,2 tháng trước
Có vũ trụ thì ai qua nổi,@trungduyho6971,0,2 tháng trước
uqcddKx8,@jiklg7-,0,2 tháng trước
A vũ trụ bữa sinh tồn vs sáng bên PHD nè ❤❤,@ANH_GROUDOUN,0,2 tháng trước
vũ trụ nhìn như đang quay vlog cho kênh của mình vậy :)),@TrungPham-oy5bl,0,2 tháng trước
Cho anh Vũ Trụ Vlog tham gia nhiều thử thách sinh tồn thêm nữa nha anh Lâm,@CheemsBaller206,0,2 tháng trước
Giã từ từ thôi anh ơi xem không hết😅😅,@hhhhfff7851,0,2 tháng trước
Có Vũ Trụ cái là test được ngay sinh tồn real pro và sinh tồn tập sự ngay 🤪,@tienqb.official,0,2 tháng trước
"Đội nhà chỉ có Thương là đủ trình để chiến với những khách mời khủng long. thương Thương, chơi gì cũng hết mình, mà thắng thì lúc nào cũng chia sẽ người nhì hay đồng đội.",@dailoitv7582,0,2 tháng trước
Mấy og nầy mà sinh tồn gì vô cho vui chứ có kỹ năng đâu chơi.   Có og vũ trụ có kỹ năng bình tĩnh nhìn là biết ai thắng r,@LocPham-ik2ej,0,2 tháng trước
Vũ trụ còn sinh tồn tay không được có đồ hỗ trợ thì biết kết quả rồi đó,@chuvang4910,0,2 tháng trước
T ku tú nó lấy cây sơn lót ngủ ah,@ngocthannguyen2419,0,2 tháng trước
Con rất thích chú vũ trụ ở video này,@TôMì-b2g4l,0,2 tháng trước
Vũ Trụ Out trình tập này:))),@Nguyendeptrai123,0,2 tháng trước
Sao ông lâm vs ông vũ giống nhau z,@krysdo9179,0,2 tháng trước
"Nhìn ông vũ trụ sinh tồn, nhiều kinh nghiệm thật.",@hoanganh2443,0,2 tháng trước
ông vũ trụ sinh tồn nhìn chill vãi mới xây nhà là thấy hay r :0,@huytran-zj1vt,0,2 tháng trước
"Thằng tú giỏi ăn biến làm , đi sinh tồn như vậy thà khỏi đi",@TinTin-er7qv,0,2 tháng trước
Ông Vũ trụ chơi là thắng chắc,@minhngocangthi7009,0,2 tháng trước
tập 6 trên mặt nước chắc được,@HaTeNguyen_VN,0,2 tháng trước
Đối thủ của anh thương saoo,@AnhTuann2Q,0,2 tháng trước
ông vũ trụ ướt trình các đối thủ,@HẰNGCÚN-x9o,0,2 tháng trước
😊ông vũ trụ vlog đa. Từng tham gia sinh tồn trên đảo hoang cùng Sáng trong team PHD,@NghiaLy-i7i,0,2 tháng trước
haz,@SonNguyen-f4u6k,0,2 tháng trước
mr.beast việt lam,@sinhtonfhd,0,2 tháng trước
Tôi nghe thấy nhạc grow a garden😮,@aotruong2267,0,2 tháng trước (đã chỉnh sửa)
có cái này là các chuyên gia sinh tồn bàn phím mới biết nó khó thế nào,@ucthanhbui877,0,2 tháng trước
Rank cao thủ xuống rank đồng chơi à,@truongvovan4359,0,2 tháng trước
"ông Vũ Trụ này chơi hay quá ! phải mà khách mời 8,10 người cũng như ổng thì video siêu kịch tính luôn",@thanhvu7698,0,2 tháng trước
Anh lm thử thách 50h hc tiếng nhật tại trung tâm IMSD đi anh,@TháiLêthành-o4x,0,2 tháng trước
"Quay ghép chuyên nghiệp vào 
Nhìn như db v
Nhìn PhD mà học tập",@AcekslmAce,0,2 tháng trước
Suối có cá thì bao lụm,@Mancococ02,0,2 tháng trước
A hi em cảm,@PhucNguyen-d8n9q,0,2 tháng trước
"Tk tú này phế vật ăn hại, nên cho ra khỏi team",@HoàngNg-b3q,0,2 tháng trước
gg,@hocngu299,0,2 tháng trước
Trong các Anh em này chắc có lẽ Vũ trụ vlog là có kinh nghiệm và bản lĩnh sinh tồn nhất,@tinhbuicong3008,0,2 tháng trước
Trong các Anh em này chắc có lẽ Vũ trụ vlog là có kinh nghiệm và bản lĩnh sinh tồn nhất,@tinhbuicong3008,0,2 tháng trước
Tem PHD vẫn hay hơn,@Nhạcremixhot-p3e,0,2 tháng trước
tú cho nghĩ làm luôn đi anh làm biến,@KiệtNguyễn-l6w,0,2 tháng trước
Em xem video anh ko hiểu sao hư đth:))),@meobellthickmacdonal,0,2 tháng trước
Vũ Trụ đẳng cấp sinh tồn VN luôn rồi,@phamdieuphuongg03,0,2 tháng trước (đã chỉnh sửa)
Giá như ở bắc thì mình muốn sinh tồn thi với vũ trụ,@MạnhNguyễnĐình-b1y,0,2 tháng trước
Ông vũ trụ này cũng tham gia sinh tồn với team phd rồi thì phải,@MạnhNguyễnĐình-b1y,0,2 tháng trước
Hồi hộp quá ạ 😊,@phuocmeme98,0,2 tháng trước
Vũ Trụ đánh lửa quá dễ dàng rồi.. làm cung kéo các kiểu anh ơi :v,@huannguyenvan7400,0,2 tháng trước
thấy Vũ Trụ Vlog là biết ai WIN nha.. chưa xem :V,@huannguyenvan7400,0,2 tháng trước
Ủng hộ bạn Vũ trụ vlog 1 dký vì phần thể hiện xuất sắc của bạn,@khoaoan2644,0,2 tháng trước
Ý kiến nghe hợp lý và hay đấy,@PHAMGIA434,0,2 tháng trước
Địa điểm bình thuận nhưng Sinh khó núi tà cú đc không a,@ngocduyvlog8689,0,2 tháng trước
E xin chơi Sinh tồn ạ,@ngocduyvlog8689,0,2 tháng trước
cần gì tăng độ khó nữa ! có best sinh tồn Vũ Trụ Vlog là độ khó max rồi còn gì 😁,@MinhTuấn61BD,0,2 tháng trước
Ông vũ trụ ổng nói ở 10-20 bữa là nói thiệt đó,@MinhHiếuTrầnDương,0,2 tháng trước
Em nghĩ anh lâm làm một tập ở rừng cấm trại 2ng1đ đi thú vị lắm,@BeNguyen-f1u,0,2 tháng trước
51:00 : gâu ờ gây đình 😇,@Gilz-e-a,0,2 tháng trước
Nói chung ai cung dc trừ thag bắc kỳ . Lắm mồm ko làm dc cái tích sự j,@sangtien7019,0,2 tháng trước
"Ô 43:38 là thuộc tuýt ng mõm và nói khá nhiều, kĩ năng sinh tồn cũng chả có gì, dc cái văn dài, ae có thấy thế ko😂😂",@manuciansnvb9357,4,2 tháng trước
"nói rất hay , đc cái mõm ng ta đc đi sinh tồn  còn tk ko đi ngồi nhà xem phán rất hay rp",@TenHo-s9t,0,1 tháng trước
​ @TenHo-s9t nó nói đúng mà 😂,@huyav207_9z,0,1 tháng trước
"32:10 Đề nghị lần sau còn sinh tồn ko cho cu Tú đi,hhh,ko có kĩ năng sinh tồn, chỉ dc mỗi cái nhịn đói, nhà thì ko làm ,chán ổng gì đâu,phí mất 1 slot😅😅😅",@manuciansnvb9357,1,2 tháng trước (đã chỉnh sửa)
Mong sẽ có tập các kênh ytb sinh tồn đấu với nhau,@dungquoc8271,0,2 tháng trước
0,,0,2 tháng trước
Mua áo mấy lần mà k đc mời đi sinh tồn,@SyVan-hg7vw,0,2 tháng trước
Sao ông tú ổng lười ta 😂,@FutureAI-life,0,2 tháng trước
Anh lam,@KhaNguyên-i7l1g,0,2 tháng trước
"Này do mấy bạn còn trẻ thôi,như tui 34 35 t chắc sinh tồn khoảng 2 năm 🤣🤣",@Thanhtan-u6d,0,2 tháng trước
Chơi sinh tồn mà có ô Vũ Trụ thì ai chơi lại😂,@tamvuongvan9448,0,2 tháng trước
Đầu clip thấy có bạn Vũ Trụ Blog là biết bạn ấy thắng rồi vì clip của bạn ấy toàn Sinh tồn không mà 🎉🎉🎉🎉,@binhduongnewtv,0,2 tháng trước
PHD edit thua xa a lâm vlog,@amthucgamenew,0,2 tháng trước
A góp ý...cho các bạn dựng trại khoản cách xa xíu... chứ sinh tồn mà tập trung nhìn không hấp dẫn lắm..,@NhatquangHoson,0,2 tháng trước
bếnn cát nèeee,@gkvlog2009,0,2 tháng trước
😅vu tru la ok nhat  !!!!!!,@Spino-du7ph,0,2 tháng trước
anh làm 24g câu cá đi anh câu r nướng ăn á anh,@QuốcviệtHồbình,0,2 tháng trước
Vũ trụ vs sang vlog 😎,@33.TrọngNhân-u7d,0,2 tháng trước
Trái đó là trái thị đó anh Lâm,@nguyensang5301,0,2 tháng trước
Lâm dạo này nhìn phong độ ra đấy.,@sonphan5239,0,2 tháng trước
Em mua 1 cái áo,@trieunguyen-g7d,0,2 tháng trước
Lâm đồng rồi nha e Lâm. K còn bình thuận nha😂😂😂,@ĐìnhHuyNguyễn-b5z,0,2 tháng trước
Mời các chuyên gia sinh tồn thì video thời lượng hơi bị lâu 🤣,@longvo3067,0,2 tháng trước
ai cugnx hay hết tcung mong đc 1 lần trải nghiệm nhu mng tha~ tim,@VTTgaming2496,0,2 tháng trước
vũ trụ so kè voiws sếp lâm ai hơn ta???????,@VănMinhLê-g6l,0,2 tháng trước
"Game này sao không chơi kiểu Đạo tặc ta , dui á , bên kia đi làm đồ cái mình qua xin xíu đồ ăn với nước , khỏi cho để dành :))))",@Cole-VN,0,2 tháng trước
vũ trụ out trình quas,@KiênĐỗTrung-i4c,0,2 tháng trước
Anh Lâm làm thử thách không ngủ đi ạ,@SựPhạm-p7z,0,2 tháng trước
Nếu được chơi tôi sẽ cân được Vũ Trụ và cả Sang Vlog còn thương thì nghĩ thắng sẽ dể hơn,@lyvanhoavlog,0,2 tháng trước
Đi sinh tồn mà chỉ trùm rồi ngủ :))),@sonmusican3426,0,2 tháng trước
Anh Lâm ơi em có ý kiến anh nên tổ chức du lịch với  các thành viên công ty anh đi để mn gắn kết với nhau ạ,@quangnhat3861,0,2 tháng trước
"Lúc trc 5tr sub cũng 10tr, giờ 10tr sub rồi lên giá đi a",@ocbi382,0,2 tháng trước
Gala có a thương chắc hấp dẫn lắm,@tonybentre123,0,2 tháng trước
cho em tham gia sinh tồn với anh,@tuấnnguyễnvăn-d2x,0,2 tháng trước
Anh lâm ơi nào có pubg tập 2 vậy anh 😂,@noob-noname-v1z,0,2 tháng trước
"toàn phế,mình ông vũ trụ chắc cho ổng ở trong rừng luôn cũng được",@HoangTran-u7g,1,2 tháng trước
Có ai muốn team phd và lâm vlogs thi đấu thử thách sinh tồn cho comment này lên top,@binhtubi2,1,2 tháng trước (đã chỉnh sửa)
m,@XuanTruongVu-pn4ui,1,2 tháng trước
Ai muốn phd vs lâm vlogs  thì like,@truongdung9407,0,2 tháng trước
Ông vũ trụ này đấu vs thương được ă,@TiếnTrần-w6j5r,1,2 tháng trước
Cho em tham gia với shop ơi,@PhuongdaklakVLOG,0,2 tháng trước
Anh lâm hãy tiếm tục xe ri tập6 50 giờ,@KỳVăn-f8e,0,2 tháng trước
Đưa dan Tây nguyên lên ở ca tháng không doi,@hieuduong3403,0,2 tháng trước
Anh vũ trụ là trùm sinh tồn ❤❤,@toantruong1858,1,2 tháng trước
mời anh vũ trụ vào tem đi anh lâm,@HieuNguyenMinh-zn7zy,2,2 tháng trước
sao anh có nhạc trồng cây,@phượngphan-c3j,0,2 tháng trước
"thấy dàn thí sinh đợt này kiểu ko thực sự nghiêm túc với thử thách chương trình. Ông thì về do nhớ vợ, ông thì thèm thuốc (mình thừa biết là tham gia sẽ ko có thuốc hút mà vẫn nhận lời), ông thì kêu ko tạo ra lửa được do ƯỚT trong khi mọi người đều tạo lửa đc.",@Hihi-bd6tm,3,2 tháng trước
19:13 😂 to dị,@nghiatranhieu8640,0,2 tháng trước
Vũ trụ có kinh nghiệm nhiều mình nghĩ sẽ thắng 🎉,@thaihoanguyen2461,0,2 tháng trước
Em fan của anh vũ trụ em thấy ảnh chơi hơn mấy người kia lunn,@ToànQuốc-l7o,0,2 tháng trước
Cách mua áo như thế nào vậy a,@AnTran-sr4rp,0,2 tháng trước
Vũ trụ vô địch chắc r,@myteotv4300,0,2 tháng trước
Ông vũ trụ này mà thua về khỏi làm video sinh tồn luôn di nha😅,@CảnhNguyen-y2q3k,1,2 tháng trước
Vũ Trụ peak,@chaoskids4T,0,2 tháng trước
Mình cũng thấy ông Vũ trụ chịu khó nè 😅,@HaLam-hj9pu,0,2 tháng trước
Mr bít vn,@KhánhĐặng-b9t,0,2 tháng trước
"Wow! Xem xong mình nổi da gà luôn 😮🔥 Thật không ngờ chỉ với vài vật dụng đơn giản mà vẫn có thể sống sót giữa thiên nhiên hoang dã. Tinh thần kiên cường và khả năng ứng biến trong video này quá đỉnh! Ai dám thử đặt mình vào tình huống này giống như nhân vật không? Mình nghĩ đây không chỉ là thử thách, mà còn là bài học tuyệt vời về kỹ năng sinh tồn và sức mạnh ý chí!",@anvuisongkhoemoingay,2,2 tháng trước
mong ah ra thêm nhiều video hay hơn nx🥰,@LeblancThảo,0,2 tháng trước
"video sinh tồn mà Tú ko thấy có trách nhiệm gì cả . video nào cũng vậy , tẻ nhạt , lãnh xẹt . ko có ý chí , cống hiến cho video thêm hay",@haidenvlog,0,2 tháng trước
❤🎉🎉🎉🎉🎉❤,@TrangTháitv,0,2 tháng trước
Vô chơi mà thấy có vu trụ vlog là biet trước kết quả r,@bangluongamthuc5942,1,2 tháng trước
Có gala trốn tìm không anh,@ToanNguyenTrong-g6j,0,2 tháng trước
ông vũ trụ kia ao trình quá😅,@ThangNguyenvan-gx6mf,1,2 tháng trước
 @Hihi-bd6tm  đừng quá khắc khe,@36.huynhtrivinh18,0,2 tháng trước
❤,@QuýDÂNDÃ68,0,2 tháng trước
Vũ trụ với anh Côn ko bt ai đỉnh hơn nhỉ,@manganime1743,1,2 tháng trước
Làm sao mà chơi với ông Vũ trụ được ông đi sinh tồn suốt,@ucnguyen3891,0,2 tháng trước
"sinh tồn có ông e Thành Triệu ở ngoài phía bắc, sinh tồn mới đỉnh",@baonguyenvlogs631,1,2 tháng trước
a e vo kenh vu tru theo doi ong i  ong de~ men' lam nhung kenh  it' ngu bit' toi theo doi ong lau lam' rui',@NguyễnNguyễnlêthiênphúc,1,2 tháng trước
Sân khấu của vũ trụ. Kỹ năng sinh tồn chuẩn chỉ ghê,@hoamap5570,3,2 tháng trước
Ah làm ma sói đi ah,@GiangTruong-et7rg,1,2 tháng trước
Anh Vũ Trụ chất quá à,@nhantruong8887,0,2 tháng trước
chúc anh mạnh khỏe để ra nhiều video và view cao,@MinhPhuocChung-l7z,0,2 tháng trước
"Thật chứ mình xem tầm 20 phút là biết kq luôn, bạn vũ trụ vlogs có 1 bản năng sinh tồn quá đỉnh, nếu có gala mình tin chắc nếu suôn sẻ b ấy sẽ lại vô địch.",@hungphamxuan265,1,2 tháng trước
ANH THƯƠNG MÀ ĐẤU VỚI ANH VŨ TRỤ VLOG AI SẼ CHIẾN THẮNG NHỈ?,@lyly-i8w9d,0,2 tháng trước
A Lâm nay mập cái bụng hết biết rồi,@quoccuongphan8082,0,2 tháng trước
Mới vào xem thì cũng biết a vủ thắng rồi,@DuongNguyenbolero95,0,2 tháng trước
Anh Lâm ơi làm tiếp series Thăm ngàn đi anh,@qc-bepiu,1,2 tháng trước
Mua vé số đi Anh Lâm vlog,@2k9tail,0,2 tháng trước
:hand-orange-covering-eyes:,@linhtú7749,0,2 tháng trước
Anh làm thăn ngàn bán bánh mì đi anh,@KiềuMỹ-t2h,0,2 tháng trước
miền Tây vua sinh tồn trong rừng,@hieutlv9489,0,2 tháng trước
Ông Vũ Trụ ao trình quá😂,@thuyettrongmusic739,0,2 tháng trước
em đky cũng lâu rồi mong đc mời tham gia game show thử thách 1 lần ạ hic,@onetuer858,0,2 tháng trước
Ông vũ trụ đã chiến thắng sinh tồn 10ng đảo hoang r dân chuyên sinh tồn thì...,@trangbong_nee2778,0,2 tháng trước
Ông Thắng thấy ổng muốn khóc luôn á😢😅,@ThMyy-z9u,0,2 tháng trước
Lên Lạng Sơn đi Temm,@tungthanh3814,0,2 tháng trước
"Tú chơi chi tốn slot vậy trời, đúng kiểu thế hệ cợt nhã",@binhthanh899,0,2 tháng trước
Gặp toàn thứ gì đâu ko tú vô dụng rồi thèm thuốc bỏ cuộc rồi nhớ vợ nhớ con hay nhớ lonn ko biết nữa toàn thứ gì đâu cũng mời sinh tồn,@VuNguyen-tu4sg,0,2 tháng trước
"Nên đuổi t.tú đi thấy sẽ tốt hơn ăn chơi tụ tập bạn bè hút chích nó ko bỏ đc đâu thấy cách nó sinh tồn là hiểu rồi ngủ đến 1,2 trưa mới dậy ko có ít gì cho team đuổi cho rồi",@VuNguyen-tu4sg,0,2 tháng trước
Mời đúng thách đấu var với đồng đoàn 😂😂,@np9gaming,0,2 tháng trước
Vũ trụ phải chơi với em anh lâm mới chuẩn,@LuanNguyen-gg6hh,0,2 tháng trước
anh vũ trụ chẳng khác j vua sinh tồn đã coi rất nhiều tập sinh tồn cực đỉnh 😊,@NhanHuu-b8k,0,2 tháng trước
Mẹ coi quảng cáo hoài khó chịu vc,@hueho3478,0,2 tháng trước
Vũ trụ nên lập kênh ytb riêng làm về Nd sinh tồn ý kiến riêng,@huylegia-l8z,0,2 tháng trước
"Anh Vũ Trụ thứ dữ luôn r á
coi bộ căng à:))",@PhuongHong-ud3be,0,2 tháng trước
Rừng này ở đâu vậy lâm ơi,@ThuongHoai-h2e,1,2 tháng trước
"Đánh lửa mà cũng k biết ????
Vậy đi sinh tồn làm gì",@nhtvlogs6467,0,2 tháng trước
Thấy vũ trụ vlog là biết ai win rồi kkka,@KhanhNguyen-oy8ch,0,2 tháng trước
Vủ sinh tồn ok lắm😂,@nguyenquach947,0,2 tháng trước
hướng đạo sinh fake cg phải đầu hàng mà thôi,@Cailonmamay56789,0,2 tháng trước
Thì với tem PHD đi,@AnhA-g7u,0,2 tháng trước
"Mình nghĩ nếu mà để Sinh tồn thì moi người chơi chia ra moi vùng không được gần nhau, trong đó cho mỗi người dùng bộ đàm thì hay hơn đó",@PhucNgaNguyen,0,2 tháng trước
Phúc thứ 28 nghe tiến la của ai á mn tua lại coi có đúng ko😮😮,@QuysLâm,0,2 tháng trước
a Quang tèo của tui nay lên chơi sinh tồn luôn!! Quá hay quá hay😊,@thiennguyenngoc2172,0,2 tháng trước
Wwoa có Em Vũ tham gia vui quá,@phuongho5936,0,2 tháng trước
Sang Vlog  hay đi sinh tồn 😅😅😅😅,@ThịnhĐức-w8s,1,2 tháng trước
anh lâm làm lại clip cào vé số đi,@BiBoKidschannel,0,2 tháng trước
hay,@duongnguyenvan5058,0,2 tháng trước
Bọn này đi cùng ko có cá thì chết đói hết,@TTienGia,0,2 tháng trước
Mời a côn bên phương hữu dưỡng giao lưu sinh tồn đi,@vanhuy7337,0,2 tháng trước
Tem lâm vlog mà sinh tồn cái gì. Chỉ được cái tham gia ăn uống là giỏi,@SangTV-g9e,0,2 tháng trước
thay vu tru la biet ai win haha,@Xgmae-LMV,0,2 tháng trước
Nhìn ông vũ vs ông lâm hao hao giống nhaooow😂,@TraMiHoangNgoc,0,2 tháng trước
Cào số đi a.,@nguyenkhangle6655,0,2 tháng trước
Vừa vô thấy có ông vũ trụ vlog là chưa cần xem cũng đoán được ai thắng rồi,@nhantrinh8873,0,2 tháng trước
E nghĩ lm thêm clip ng cuối cùng ngừng ăn cay và sử dụng tương ớt chin su mới đi a,@Luubao-h9b,0,2 tháng trước
Làm seri người cuối cùng ngừng sống đi anh. em sẽ đăng kí kênh anh ạ,@quangnguyennguyen4762,0,2 tháng trước
Cớ vũ trụ thì chỉ có sang vlos mới diệt đuoc thôi,@loakeominhphat4361,0,2 tháng trước
Tú vô dụng,@BinhPham-xm3kh,0,2 tháng trước
"Anh lâm , anh làm clip chơi các trò mạo hiểm đi ạ hình như anh chưa làm. Mong anh làm 😅",@ViệtThái-s7e,0,2 tháng trước
Ông vũ trụ uot trình quá,@cad2851,2,2 tháng trước
Nhìn mấy chú tội 😞,@tentaola-b8c,2,2 tháng trước
"Ông Vũ trụ đâu lạc vào đây vậy,mời ông này chơi sinh tồn chắc 10 năm ổng vẫn sống nhăn",@caovanphan2535,0,2 tháng trước
"đẩy nhanh cái sinh tồn đi anh cuốn quá 
ủng ông VŨ TRỤ ĐẲNG CẤP VL",@nguyentrunghieu6298,0,2 tháng trước
clip ngủ bờ ngủ bụi chứ sinh tồn méo gì =))),@khapham6784,1,2 tháng trước
Có ông vũ trụ thấy được còn mấy ông kia tướng công tử k sinh tồn cái gì,@TonTruong-e1z,0,2 tháng trước
Sang vlog vs Vũ trụ vlog💀,@hoanggaming5490,0,2 tháng trước
Ah tú nhàn nhất đi chỉ cần ngủ thôi😂😂,@ĐạtĐặngminh-r3t,0,2 tháng trước
Có sang vlog thì những ng này k có tuổi. 🤣,@booocuteee3580,1,2 tháng trước
Ai sinh tồn bằng vũ trụ,@Đilạcluôn,0,2 tháng trước
Vũ trụ là trùm.,@TuTran-iu2vn,0,2 tháng trước
Video rất hay,@TàiTrần-i6f,0,2 tháng trước
"từng xem clip sinh tồn của ông vũ trụ, từ đầu đã nghĩ ổng sẽ thắng",@nguyencuoc9416,0,2 tháng trước
Thấy a Vũ cái thấy end game r,@luubi1741,0,2 tháng trước
Làm cuộc thi người cuối cùng còn đi xe đạp đi a ( đạp xe chân không chạm đất ),@angnguyen6097,0,2 tháng trước
Vũ trụ vlog có video ở kênh phd kìa 😂,@DuongTy-LQMB,0,2 tháng trước
Thích xem chú Vũ Trụ cực chú nhìn thấy nó chuyện nhẹ nhàng và có các chiến thuật rất là hay luôn á mn,@CucTruong-qc5mq,0,2 tháng trước
🤗❤️,@Yenneeee167,0,2 tháng trước
Mình nghĩ mời sang sinh tồn trong rừng sẽ hấp dẫn đó ❤,@Duyanem-os7jg,0,2 tháng trước
Anh quay lại seri 50H cắm trại đi phượt bằng xe đạp điện đi ạ❤❤❤❤,@QuoctoanTran-r7z,0,2 tháng trước
Hello anh 👋,@ThiLanHoang-id3yn,1,2 tháng trước
chủ để này quá hay đề nghị đồng chí Lâm tiếp tục nhé,@phatminh8270,0,2 tháng trước
Mẹ ơi nhìn tội 😢,@SavLý-m3r,0,2 tháng trước
Fan vũ trụ ❤❤❤,@angelalex,0,2 tháng trước
ôg vũ trụ vlog hình như năm ngoái bị trôi giữa biển thì phải =)))(,@tr_minhtuyen,1,2 tháng trước
Biết a Vũ trụ từ tập sinh tồn với Sàng tiền xu. Quá đỉnh 🎉,@hoangvi1590,0,2 tháng trước
"Tú gà, tú đội gì nhìn chán",@tungbuivan9321,0,2 tháng trước
Cuộc chiến ko cân sức kakakaka,@camhoang4740,0,2 tháng trước
"Đầu video thấy ông ""vũ trụ vlogs"" thì biết ổng win rồi 😅😅",@khanhp2996,0,2 tháng trước
Ko ai đấu lại vu trụ đâu chuyen sinh tồn á mình da theo dõi a ấy ne,@anhtran-dr8tm,0,2 tháng trước
Từ kênh vũ trụ vlog qua đây. Ủng hộ idol lụm luôn gala 👍,@ngohung4424,0,2 tháng trước
Chưa thi biết kết quả 🎉,@duythong1338,0,2 tháng trước
anh lâm em có ý tưởng là: người cuống cùng ngừng đạp xe đạp đi anh,@haovo8518,0,2 tháng trước
vũ trụ vlog sinh tồn thì sao mà ng khác thắng nỗi đây :D,@chivlog9290,0,2 tháng trước
"Vừa mới xem thấy ông vũ trụ là biết ỗng win rồi😂😂 a lâm mà mới thêm sang vlog chắc tập đó kéo dài cả tháng, có khi có 2 giải nhất luôn ko chừng kkkkk",@phamgiang617,0,2 tháng trước
.,@TuấnAnhNguyễn-c5f,0,2 tháng trước
Thấy team vui muốn hia nhập team ghê 😂😂,@hiepga1696,0,2 tháng trước
Em theo dõi teem anh lâu rồi nhưng anh thấy lần sinh tồn này anh vũ trụ mới thực sự là đúng sinh tồn. Còn những người khác kiểu cố làm cho qua clip 😊,@PhuongThao-ub1ow,0,2 tháng trước
vu tru qua dinh,@benjaminasante6334,0,2 tháng trước
Bạn Vũ Trụ kĩ năng và sinh tồn rất khoa học.bạn ấy là người chiến thắng rất thuyết phục😊,@trongtran9817,0,2 tháng trước
@Ku đen đây  sinh tồn cũng kinh lắm,@TopGoals123,0,2 tháng trước
Thiếu Thương em a lậm rồi rồi,@TopGoals123,0,2 tháng trước
"Game sinh tồn ❌
Game chịu đựng ✅ 
Kỹ năng vừa yếu vừa ko có nhiệt quyết. Coi mà chán",@thanhnhutdo3914,0,2 tháng trước
thuê thằng mấy thg mặt chảy sữa Free fire đi ssinh tồn :)) ko cho đồ chắc chết từ ngày 2,@minhthanh962,0,2 tháng trước
28:25 nhìn ông này đơn giản giỏi ghê,@vanhung150,2,2 tháng trước
🎉🎉 hay,@nguyenngocbinhnguyen9006,0,2 tháng trước
a ở đâu gần cho em thử thách sinh tốn với em thích sinh tồn haha,@tadungvlog,0,2 tháng trước
Thấy Vũ Trụ biết ai thắng rồi. kk,@vanthanhnguyen6801,0,2 tháng trước
chịu luôn á ông bỏ cuộc vì thèm thuốc ông bỏ cuộc vì nhớ vợ :),@tuyentrieu4502,0,2 tháng trước
❤❤,@Bactamtv,0,2 tháng trước
Hay thật anh ạ❤❤,@HMTK8,0,2 tháng trước
Sinh tồn cũng đơn giản đc cái vui 😂,@Bkonghieudaden,0,2 tháng trước
Vũ trụ ổng đi nghỉ mát,@TiếnPhạm-m9p4i,0,2 tháng trước
Em cũng muốn tham gia và khá tự tin về khả năng sinh tồn nhưng em ở tận Thái Nguyên xa quá ko có cách nào kết nối được với team anh Lâm❤,@KienNguyen-e4k,0,2 tháng trước
Chắc cho vũ trụ vlog vào danh sách đen của đường tăng quá😂,@longthanh9058,0,2 tháng trước
Tuy chưa xem hết nhưng biết kết quả là Vũ Trụ làm boss trong tập này r 29:02,@Mittodat-09,0,2 tháng trước
Anh Lâm mời sang Vlog đi ạ😅😅😅😅😅😅,@ThịnhĐức-w8s,1,2 tháng trước
Cho người miền tây choi chắc đc vài tháng 😂,@TinHuynh-f6k,0,2 tháng trước
Team toàn đồng đoàn ko ông mới thách đấu vô chi zậy 😂😂😂,@SonNguyen-bb4fg,0,2 tháng trước
Đội nhà  chs ko lành mạnh vào chs sinh tồn toàn đi ngủ  để giữ sức còn khách mời thì người ta luôn chân luôn tay ko hết việc.,@hoanganhvu625,0,2 tháng trước
trò này tôi mà đi là lấy giải nhất 100%,@kienthep,0,2 tháng trước
Em đề nghị anh mời thêm anh sang vlog để game khó hơn ạ😂,@TranKhangvy,0,2 tháng trước
"Mong anh làm thăm ngàn bán mì trộn tự làm sốt❤❤ topping là cá viên, xúc xích, phô mai ạ",@daitrang1979,0,2 tháng trước
Nói thật tụi này không biết sinh tồn,@lamnjnh,0,2 tháng trước
Vũ Trụ out quá :v,@nhuttran6607,0,2 tháng trước
Sắp 11 tr người đăng ký rồi,@TeachThuật,0,2 tháng trước
Mong anh ra thử thách sinh tồn 1 người. Qua 1 ngày được thưởng 1tr chẳng hạn.,@nerua9032,0,2 tháng trước
anh lâm ơi em mong anh làm vua đầu bếp: vua đồ ăn đường phố phần 2 đia em đã đăng kí rồi,@LiêmTrầnHoàngThanh,0,2 tháng trước
Mong đc ah cho đi giao lưu trãi nghiệm,@HungVulê-f8d,0,2 tháng trước
Anh vũ trụ kĩ năng đỉnh vãi ò,@junotran8930,0,2 tháng trước
Rừng này ở đâu z a,@trannhi4325,0,2 tháng trước
j,@vinhsoctrang15t,0,2 tháng trước
Mong anh làm thử thách người cuối cùng ngừng ăn trái cây đi ạ🍏🍐🌰🥔🥑ai thấy hay cho tim để anh lâm làm ạ❤,@GIN-Z4V,0,2 tháng trước
Vũ trụ vlog quá out trình,@QuýDuy-s6e,0,2 tháng trước
"Tem ngoài thôi chứ Team Lâm thì Toàn ăn sẵn, vs chơi thôi chứ chả biết sinh tồn gì hết. Đi góp cho có đông vui thôi.",@Maychieugiaresg,0,2 tháng trước
Khéo mấy tập sau có bình trại team của phd vì mấy video gần đây ko thấy bình xuất hiện trong team bảo bình đi làm thử thách một thời gian ko biết thật ko,@AnhNguyễn-w4b1n,0,2 tháng trước
Kkk,@ThiduyenHa-l4u,0,2 tháng trước
Kkkk,@ThiduyenHa-l4u,0,2 tháng trước
"Anh Vũ Trụ quá chuyên nghiệp, tận dụng được hết các vật phẩm được cấp mà lại còn tận dụng cực kỳ hiệu quả, biết quan sát địa thế, biết tìm kiếm mọi thứ, có thể tìm và làm một bữa ăn hoàn chỉnh có thể giúp no bụng chứ ko phải là cho có như những người khác. Kỹ năng sinh tồn là thượng thừa. Mình mới biết và vào kênh Vũ Trụ vlog xem thì quá đẳng cấp. Xứng đáng top 1 👍",@DuyVo-dl4iy,10,2 tháng trước
Ông vụ trụ vừa kinh nghiệm nhiều mà cò pro nx,@HangKhach-ry1xk,0,2 tháng trước
"Ai thích team các YTB sinh tồn chơi vòng kế như vũ trụ, sang vlog...điểm danh!❤",@KART-1st,0,2 tháng trước
A lâm mời bạn yến sinh tồn bên kenh phd di ak,@TrabvLe,1,2 tháng trước
K ai qua vũ trụ nổi đâu vũ trụ kĩ năng quá đẳng cấp r,@Hinhxam,0,2 tháng trước
Vũ Trụ out trình quá 😂😂,@phuhuynh6174,0,2 tháng trước
dưới 18t đc tham gia không anh chưa thấy ai dưới 18 đc anh mời cả,@ThanhQuý-v1f,0,2 tháng trước
mới xem phần đầu biết vũ trụ win rồi,@HoangPhan26765,0,2 tháng trước
Mặt cu Ân hài quá,@ThươngPhamthi-t4r,0,2 tháng trước
Ông Vũ Trụ win ngay khi vừa bắt đầu 😂😂,@DauvaGao,0,2 tháng trước
xem đoạn đầu đã đoán ngay ai ăn giải ròi,@vucanhihi,0,2 tháng trước
Mấy con gà công nghiệp. Tôi đi rừng sống 7-10 ngày ko thức ăn thì rất bt.,@trijone8874,0,2 tháng trước
"Haha, nhìn vũ trụ vlog cứ như đag tận hưởng chuyến du lịch trong rừng suối v, chill vs mưa nx chứ😂😂😂",@trithai-pd7pj,10,2 tháng trước
"Còn t thì thắc mắc thứ bà seiko đưa cho okarun là thứ sức mạnh j, liệu có bá hơn ko ?",@TUANANHANG-hj1pz,0,2 tháng trước
cảm thấy chất lượng kém quá,@hoangyen9687,0,2 tháng trước
Chào cái bàn là sao v MN k hiểu thật sự,@HảoNguyễn-u5c9g,0,2 tháng trước
đã là nói Sinh tồn nha e ai chịu đc thì thắng thôi đâu cần phải loại,@baixanvlog6081,0,2 tháng trước
Mời sang vlog mới dữ,@TanPham-fu9su,0,2 tháng trước
Đề nghị Vũ Trụ Vlog đại chiến Sang Vlog 300 hiệp 😂,@Mr_Duc18,0,2 tháng trước
Vũ trụ solo câu cá vs anh côn 😂😂,@NamDuy-f2s,0,2 tháng trước
"anh làm 1 tập mời tất cả các kênh làm về sinh tồn về thi đấy sinh tồn đi 
mọi người cùng like cho em để được thực hiện nhé",@TriệuDuy-g5y,0,2 tháng trước
"Coi 15 phút đầu cũng đoán cái ông Vũ trụ thắng rồi, 😆",@TintinStory2000,0,2 tháng trước
Ngoài thằng vũ trụ ra thì mấy thằng kia chán vl,@AngelNumber90,0,2 tháng trước
hay,@vkcuangonnhattri1389,0,2 tháng trước
hay,@vkcuangonnhattri1389,0,2 tháng trước
Nhìn ông Vũ Trụ đánh lửa là biết out trình rồi😮,@tainguyen2223,0,2 tháng trước
Sao để được tham gia sinh tồn a,@LinhPhamDuy-ey8sp,0,2 tháng trước
ua a vỹ đâu rồi a,@BuifNhung-v8r,0,2 tháng trước
Ông vũ trụ out trình vậy tr,@oHuynh-ed4hm,0,2 tháng trước
"Mong anh lâm sau này tiếng triển thêm nhiều caraman chuyên nghiệp , sẽ có nhiều cảnh quay đẹp hơn nha chúc team nhiều sức khoẻ ăn mừng 11tr ng đăng ký.",@almond_progresscute,0,2 tháng trước
thú zị,@kunotora4485,0,2 tháng trước
Thích nhất ah lâm làm video sinh tồn giống vậy... Vì lần đầu mik biết ah lâm thấy ổng làm video sinh tồn ở.bụi chuối ..tuy là kênh ah lâm bh đã lớn ..nhưng mik vẫn thik xem mấy video sinh tồn cũ hơn .. 😅 ý kiến riêng,@HiềnHuỳnhVăn-z9v,0,2 tháng trước
Mời sang vlog vòng chung kết đi anh lâm,@ConCá-p2h,0,2 tháng trước
Taem Lâm solo với taem PHD kh biết như nào nhỉ:),@GiaHuy-ho7dx,0,2 tháng trước
Ai hỏi,@JsjsJsjsj-l9o,0,2 tháng trước
vũ trụ vlog sinh tồn đỉnh lắm nhìn là thấy quen bên kênh phương hữu dương sinh tồn 10 ngày cùng với sáng tiền xu,@DuNguyen-pi9pz,0,2 tháng trước
Vẫn non lắm 😅,@inhxuanhuy4415,0,2 tháng trước
ra them clipp nguoi cuoii cung di anhh,@vuongnguyen6718,0,2 tháng trước
mình thích xem có vũ trụ lắm luôn,@Cattuong_dangiu307,0,2 tháng trước
Thi thố gì nữa….mới thấy vũ trụ thôi biết ngay kết quả😂 tìm nấy kênh làm về sinh tồn mà mời…nó mới gây cấn và ngang tài…chứ làm clip này thiệt chẳng có gì cuốn. Vì ko cân xứng…ý kiến riêng ai thấy đúng thì like,@ChienNguyen-e4m,0,2 tháng trước
cách nào để được tham gia thử thách vậy a,@Vương-m7n,0,2 tháng trước
"Ko mua áo chơi đc ko a lăm ,ko cần phần thưởng",@giangvlog2053,0,2 tháng trước
"Mai mốt có chơi sinh tồn cho e chơi với ,ko cần phần thưởng chỉ vui thôi ,sinh tồn như thế chắc e sống ở đó luôn đó",@giangvlog2053,0,2 tháng trước
"Ở sát bờ suối rất nguy hiểm 
Mưa lớn dồn dập nguy cơ lũ quét. Ù một phát không tránh kịp",@nhachoaremixtonghop6444,0,2 tháng trước
Vũ trụ vlog out trình rồi …,@ducphamvan8326,0,2 tháng trước
anh cho e xin link mua bộ đồ sinh tồn với ạ,@bryanepr,0,2 tháng trước
Anh Vũ Trụ y như làm vlog chill á 😂😂,@TuytNhuLý,0,2 tháng trước
Toan mấy thg làm biến đi sinh tồn. Làm cái chỗ trú ẩn cũng chẳng ra cái trò hề gì,@sangnguyen6060,0,2 tháng trước
Kg có nhang mũi chịu đc mới lạ,@sangnguyen6060,0,2 tháng trước
để tham gia ạ,@vanquang-h9z,0,2 tháng trước
em muốn mua một áo ạ,@vanquang-h9z,0,2 tháng trước
.,@kyBun-u1p,0,2 tháng trước
"Thử thách người cuối cùng ăn đồ chay đi anh Lâm ơi, chúc cả team nhiều sức khỏe ạ🥰",@DuyHoang-tu2xs,0,2 tháng trước
Sinh tồn trong nhóm này vủ trụ vlog là tháy ok rồi,@XuyênNguyễn-o9h9w,0,2 tháng trước
anh lâm làm người cuối cùng ăn cay đi anh,@AnhTuấn-u8h1c,1,2 tháng trước
Suối thiếu gì cá lóc vay xanh lấy tép móc dô lử câu dính liền thiếu gì cá,@Duyanem-os7jg,0,2 tháng trước
"Thêm những giải nho nhỏ kiểu như: giải thưởng cho người tạo lửa trong tgian ngắn nhất, hay câu được nhiều cá nhất.... ( các giải này sẽ ẩn thông tin cho người chơi, chỉ ban tổ chức sẽ công bố khi chốt giải)",@Cold.Air.,0,2 tháng trước
"thấy vũ trụ vlog là thấy cuộc chơi đã kết thúc khi chưa bắt đầu rồi kaka, này phải sang vlog mới cùng đẳng cấp",@xemayvinhhoaleduan,0,2 tháng trước
Trời ơi huyện tui ở😂❤❤,@NhuQuynh-y3t3g,0,2 tháng trước
có một anh diễn viên đúng không thấy quen quen,@halamungthi7211,0,2 tháng trước
Thử Thách 48h thăm ngàn yagami mì cay đi ah❤,@quinnhut,0,2 tháng trước
neu moi nguoi chua biet ong vu tru la mot youtobe lam ve sinh ton,@gjjgghkk1345,0,2 tháng trước
12:36 - 16:30 Tạo lửa bằng dụng cụ sinh tồn thấy ông Vũ Trụ Vlog này đỉnh thật,@duongnhanvlogger,0,2 tháng trước (đã chỉnh sửa)
😂 sau cân nỗi anh vttru vlog😂,@haubostv3359,0,2 tháng trước
Cho anh Côn team Phd vào thử thách nx thì tuyệt vời nhỉ ăn 😅😅,@bao9304,0,2 tháng trước
Rất thích những líp như thế này mong a lâm ra thật nhiều,@NghiHuỳnh-u8m,0,2 tháng trước
Vũ trụ thắng r,@NamNguyenuthyuf,0,2 tháng trước
mới vô chơi tôi thấy có ông Vũ trụ là biết ông Thắng chắc,@dutvan2757,0,2 tháng trước
Đúng rồi tập sau anh mời sang vlog đi ạ,@NgânNguyễnThịThảo-d5p,0,2 tháng trước
"Không có tí kỹ năng sinh tồn cũng muốn tham gia, trừ Ô Vũ trụ",@kichieu3278,0,2 tháng trước
Lâu lâu mới thấy anh có ky năng pro mới đâng xem,@mhatsignup8611,0,2 tháng trước
Lúc trước anh của em xem anh mãi mà em không thích xem anh bây giờ lớn rồi thấy anh làm video hay mà đầu tư rất nhiều:),@Meomuonngu,0,2 tháng trước
Anh cho mấy người tean bắt ná sắt đi anh lâm,@kientrantrung4272,0,2 tháng trước
Để ông Tú ngủ xem vô địch đc ko,@suengren6669,0,2 tháng trước
A vũ bỏ ảnh đó Tết lên rước ảnh cũng ngon lành ❤,@nhieuvo8344,0,2 tháng trước
Vu tru về dich sao cung👍,@HienNguyen-gt3uv,0,2 tháng trước
Anh Lâm ơi làm thêm vd bên kênh Lâm Gaming điii🥹,@embongcte.12,0,2 tháng trước
mời sang vlog với vũ trụ vlogs vào XD,@lyhaihhaiw4141,0,2 tháng trước
"Tú 
❌ Đi Sinh Tồn 
✅ Đi Ngủ Với Thiên Nhiên",@GiangKa3011,0,2 tháng trước
nhìn b áo vàng như a ở quãng ngãi qá,@shorts76999,0,2 tháng trước
Khoái mỗi vũ trụ vlog tại ổng người miền Tây nghe thân thuộc nó lại quen quen tại nói tiếng miền tây,@YoichiNagumo-h3r,0,2 tháng trước
Ai nghe tiếng robolox ko,@Huy-f8o6k,0,2 tháng trước
"Fan vũ trụ đây,chưa thi đã biết người chiến thắng kk",@tiengthach5449,0,2 tháng trước
nhìn cách sinh tồn quá chán như trẻ con nhung nhúc. cho mình 1 con dao 1 bật lửa là sống mới ngày trong rừng,@tungluong-f7b,0,2 tháng trước
Anh làm Sinh tồn ở ĐỒNG THÁP ĐI. CÓ TÔM CUA CÁ ĐI ANH SINH TỒN GÌ HOANG DÃ QUÁ,@NghiaThanh-p7k,0,2 tháng trước
Ông vũ trụ nó ở cái tầm chất 😂😂😂,@hoangphi5897,0,2 tháng trước
Mời team Thánh Xàm Vlog đi Lâm,@haidangthanh7225,0,2 tháng trước
"mình thấy từ lúc vỹ quay trở lại team anh lâm còn k ưa vỹ như lúc nầu nữa
kiểu anh lâm cho vỹ qua trở team nma anh lâm lại hất hủi vỹ quá",@LĩnhTrần-c3j8y,0,2 tháng trước
vũ trụ mạnh thí,@HieuHoang-pw7pp,0,2 tháng trước
Sinh tồn như e tú thì trận sau nghĩ đi e ưi . Nhìn chán quá .ko có tí khởi sắc nào,@cuongtiger9604,0,2 tháng trước
A cho. Em tham gia với @ a lâm,@HữuNghĩaBùi-m2i,0,2 tháng trước
"A Lâm ơi a làm sinh tồn toàn Nữ đi ạ, e xung phong xin 1 vé với ạ, e đã từng tham gia “Người cuối cùng trong hồ bơi” nè, vẫn đang rất nhiệt huyết hehe",@thoavo610,0,2 tháng trước
Mấy cóc ke này mà đòi st với Vũ Trụ..😂😂😂,@HoangHoang-yo9mq,0,2 tháng trước
Con tướng vũ trụ quá mạnh 😢,@PhongHoai-ux4xe,0,2 tháng trước
nhiều đồ v vũ trụ vlog chắc ở mấy tháng quá,@karot3008,0,2 tháng trước
Mời team thánh xàm vlog vs ad,@Phongvõ-s2i,0,2 tháng trước
Muốn làm gia thì làm sao anh ơi,@sanghieu1325,0,2 tháng trước
"ông vũ trụ như kiểu đi làm
vlog cho ổng vậy thấy nhẹ nhàng quá 😊😊",@Khuonmautheluc,0,2 tháng trước
Mấy cha nghĩ sao đi so sánh với sang vlog ngta chuyên nghiệp cỡ nào r nội tạo lửa là trùm cmnr chưa nói đến biết hơi nhìu về cây rừg ăn dc hay ko ăn dc,@HaHan-h1t,0,2 tháng trước
Lam liep an chung da dieu lam,@anvominh-xc8ih,0,2 tháng trước
Chưa xem hết nhưng tui đoán Vũ trụ vlog win. Bạn ấy chuyên về sinh tồn rồi,@cauut3723,0,2 tháng trước
"Cây đánh lửa mọi người xài chưa đúng lắm, cạo 1 ít từ cây đánh lửa, rồi mới đánh lửa thì nó sẽ cháy bùng lên, dễ cháy hơn",@HuyzYtb,0,2 tháng trước
"Vũ Trụ Vlogs cá nhân mình thấy anh hay, điềm đạm, giống anh Lâm của những ngày đầu . Mong anh sẽ phát triển hơn nửa ❤",@xinhlamhuong9183,0,2 tháng trước
Này phải cho a sang vlog vào mới hay,@NhutMinh-vl4en,0,2 tháng trước
Nhìn từ đầu là biết ông Vũ Trụ sẽ win mò,@Mèo_FF05,0,2 tháng trước
 @HaHan-h1t  sang vlog tuổi gì về sinh tồn đâu. Toàn quay 1 mình diễn,@Hotramvlog68,0,2 tháng trước
Trời ơi trời Bé Tú ❤ dễ thương 😅,@maithanh9878,0,2 tháng trước
"Cho mình vào đây chắc mình sống cả tháng 
Chỉ cần bật lửa cây dao dây thừng nỏ bắn thun cần câu là ok",@hoanguyeninh4244,0,2 tháng trước
Thích ông Vũ Trụ ghê luôn. Kiểu ông thân thiện ấy ❤❤❤,@maithanh9878,0,2 tháng trước
Nhờ a vũ trụ vlogs mình mới biét đến kênh lâm vlog này,@LeLuan-xi6qf,0,2 tháng trước
có vũ trụ Vlog coi hay này. đúng sinh tồn,@vuongNguyen-nc6hu,0,2 tháng trước
Vũ Trụ Vlog: Game là dễ 😂,@cakhay8021,0,2 tháng trước
Sang vl ở cả tuần cũng dc,@kimanhnguyenthi5131,0,2 tháng trước
37:46 coi đc nữa tiếng 7 cái qc,@quithuongngan2728,1,2 tháng trước
Vũ trụ đỉnh thiệt 😢,@Mỹ-Ngà1504,0,2 tháng trước
Vừa vào thấy anh vũ trụ vloc ôi dời em đã nghĩ là mấy người khác sao đấu lại ❤,@myumvn4859,0,2 tháng trước
Tập sau mời sang vlog đi anh ơi cho Game kịc tính đi anh 🎉,@nghialay7760,1,2 tháng trước
anh lâm ơi anh làm clip team phd vs team lâm vlog sinh tồn đi ah,@VuLinh-c7n,0,2 tháng trước
"Vũ Trụ out trình quá, hi vọng gala có đối xịn :D",@thachcuongnguyen8579,0,2 tháng trước
con người gì k có chí cần tiến vậy ta? tú nó theo a lâm lâu rồi đâu phải 1 2 ngày đâu. nhìn ngứa mắt thiệt,@trinhthang5673,0,2 tháng trước
vũ trụ trần dần,@phune1033,0,2 tháng trước
"1:14 hé ông này cx coae clip st ngoài đaor cx sáng bên phd này tr view luôn:)
Công nhânk kỹ nag đỉnh thiệt",@NguyenLong-fu8he,0,2 tháng trước
tôi cũng tên Quang này trùng tên,@HânNguyễngia-h4w,0,2 tháng trước
Tập 6 mờii ah sang vlog qa nx anh❤,@BatSom-z7d,1,2 tháng trước
Chơi mà cấm hút thuốc thì xác định đừng đi . Đã hút thuốc 2 tiếng mà ko hút thì chịu gì nỗi,@bacbaphi175,1,2 tháng trước
Mời Sang vlog đi Anh Lâm vua sinh tồn đó,@tuvi7812,0,2 tháng trước
 @quithuongngan2728  quảng cáo nhiều vãi lun á,@pdang.w,0,2 tháng trước
 @BatSom-z7d  ý kiến hay nè,@duyvan-s6q5q,0,2 tháng trước
Em năm vậy em thằng roi,@TrọngTrươngvăn-k8b,0,2 tháng trước
coi 20p đầu là biết ai win luôn=)),@DuyNguyen-hj2ig,0,2 tháng trước
Ngay từ đầu nhìn là biết ai win rồi 😂😂😂,@HieuKhong-wn6pk,0,2 tháng trước
Hóng a làm cấm trại 24h trong mall,@HyuZ03,0,2 tháng trước
"Vòng gala anh mời Sang Vlogs với Vũ Trụ đi anh, gây cấn hơn🥰",@KhanhNguyen-kr1mn,0,2 tháng trước
4 thằng sang vlog. Cũng ko thắng nổi vũtruvlog đâu,@KimChiHuỳnhThị-v1z,2,2 tháng trước
4 thằng sang vlog. Cũng ko thắng nổi vũtruvlog đâu,@KimChiHuỳnhThị-v1z,1,2 tháng trước
Th mập quá đạo lí,@RyTra-o4x,0,2 tháng trước
hi anh lâm,@ThịnhPhan-i2k,0,2 tháng trước
Về rừng cà mau sinh tồn đi anh,@DuyBảo-u8m,0,2 tháng trước
Chưa chơi đã biết vũ trụ thắng chắc r 😊,@HoangĐỗ-v4s3g,0,2 tháng trước
"😂 idol vũ trụ qua thi là tự nhiên 99,9% win 😅😅😅😅",@emanhchicominhem5375,0,2 tháng trước
Hải phòng kìa úi chỗ tôi đang sinh sống,@VyPhương-k7b,0,2 tháng trước
Sinh tồn ân với thương là trùm r,@KhangNguyễn-b1f,0,2 tháng trước
E có ý kiến tập sau sinh tồn a mời những khán giả có kỹ năng sinh tồn tốt để coi cho gay cấn .,@Nguyencuong-kr2ih,0,2 tháng trước
Vũ Trụ out trình,@SjsjjTianf,0,2 tháng trước
A vũ trụ ổng là bá trong đây rồi. Ai dám đua sinh tồn vs ổng,@KimChiHuỳnhThị-v1z,0,2 tháng trước
Hok có tiền mua áo ước đc mời chơi trải nghiệm . Cố gắn hết sức 😊😊😊😊😊,@ThaoTran-fo7uu,0,2 tháng trước
Đây phải có a Thương vô chs mới hấp dẫn hơn tại a Vũ Trụ Vlogs ổng làm sinh tồn hồi giờ rồi khó cân kèo với mấy a này,@Nguyencuong-kr2ih,0,2 tháng trước
Ứng tuyển thì bao lâu nhận được phản hồi vậy ạ,@taidantv,0,2 tháng trước
M cũng zị à,@anhkimthue3765,0,2 tháng trước
24h sinh tồn ở trên cây đi anh,@Quynn14812,0,2 tháng trước
Anh tú hài quá à😂,@UmAn-wo3ol,0,2 tháng trước
anh làm video Người cuối cùng ngừng ăn gỏi cuốn ik anh,@minhđuctrần-z2q,0,2 tháng trước
mời sang vlog tham gia 😂😂😂,@locmailocmai,0,2 tháng trước
Gặp sangVlog nó bắt hết cá cái suối 😂😂😂,@hiếunguyễnchí-d3i,0,2 tháng trước
Hi vọng vòng gala a Lâm sẽ cho thử thách siêu khắc nghiệt cho mãn nhãn viewers chứ mấy clip sinh tồn của team đang còn chu cấp nhiều quá,@ucnguyennhu6206,0,2 tháng trước
"Thằng cu tú nhìn ngu quá không muốn coi nó luôn á, khoái Ân hơn lúc nào cũng ok",@GoKu4high0,0,2 tháng trước
Chú Vũ Trụ ao trình v😮,@_HUYNHKIMPHUNG_A,0,2 tháng trước
100 phần vũ trụ chiến thắng,@최영일-k1t,0,2 tháng trước
Chú Vũ Trụ Vlog là khi thách đấu tạo acc mới =))))),@BaoLifeJournal,0,2 tháng trước
"36:33 tiếng nền hơi to, mình ngồi ngoài quán chỉ nghe đc tiếng chát bùm bùm",@phamdat0812,0,2 tháng trước
Sao dô shop mua áo mà k vào được trang vậy ah,@thaisalen,0,2 tháng trước
Nếu e được làm khách mời xin nghỉ cty 1 tuần để tham gia 😂😂,@phuongthanhxuan3020,0,2 tháng trước
Vũ trụ cố lên chiến thắng,@최영일-k1t,0,2 tháng trước
"tôi muốn a lâm cho tôi làm thử thách 100 ngày sinh tồn được 100tr được ko anh lâm , em đang khó khăn , mong a đọc được bình luận này ,các bạn cho mình lên top được k , mình tới đường cùng rồi các bạn ơi",@FootballLeague1812,1,2 tháng trước
anh vũ trụ dth quá,@lehuy2215,0,2 tháng trước
Khó cho ae khi gặp chuyên gia sinh tồn Vũ Trụ 😂😂😂😂,@DavidLamDiscovery,0,2 tháng trước
Theo dõi video ông này từ lúc 700k người đag ký mà giờ gần gần 11tr rồi chưa bao giờ like luôn😂😂,@yeuem491,0,2 tháng trước
Vũ trụ sẽ thắng,@QuốctrongNguyễnpham,0,2 tháng trước
"Giới thiệu người tham gia cái là đã biết ông nào cầm tiền về rồi 
1 ông chuyên về clip sinh tồn có thể tạo lửa bằng tay không theo nhiều cách thì ko win sao dc",@TuyếtĐỗthị-w2j,0,2 tháng trước
sang vlog với vũ trụ vlog sinh tồn thì kèo căng ae,@tranvanofficial4622,0,2 tháng trước
Nếu mà mời khách mời có kĩ năng sinh tồn mà trong ng k mang gì thì sẽ cạnh tranh hay hơn,@1voi1lahight,0,2 tháng trước
A lâm oi bữa nào cho mình đi chơi sinh tồn vs a lâm oi 😊,@ChienMai-r8l,0,2 tháng trước
.,@jake97850,0,2 tháng trước
Này giống dưới thác gần tà pứa vậy anh Lâm,@minhbui6959,0,2 tháng trước
ê nhìn mặt ông quang thấy ổng hiền lắm luôn ấy=),@Hangmysang,0,2 tháng trước
"Có ai như mình không ? Toàn tua tới ông vũ trụ xem cách ông sinh tồn, xem mà cuốn theo luôn",@davidnguyen2938,0,2 tháng trước
Tem vui mà không chơi quá nhiệt tình... làm kiểu giống dàn dựng.....nên hết mình vì cuộc chơi ko phải vì công việc... cảm thấy kiểu ko hết mình,@vophuc6793,0,2 tháng trước
Làm clip mà cho mọi người đốt lửa ngay những bụi cây trong rừng thì quá ngu dốt nhé👍 Nên phổ biến lại không được thì dẹp cả seri này đi,@anhphamsim592,0,2 tháng trước
Trời đi mời ông vũ trụ vlog thì sao mấy người kia sinh tồn lại ổng được! Ổng sinh tồn mấy năm nay rồi ai chơi lại ổng! 😆😆😆 game này là dễ cho ông vũ,@Luxumper,0,2 tháng trước
hj,@HySon-pe6om,0,2 tháng trước
Làm clip thăm ngàn bán lạp xưởng nướng đá đi a,@NguyenT-mh8os,0,2 tháng trước
"Trừ vũ trụ ra có khứa nào bít chút sinh tồn đâu, coi chả hấp dẫn gì, mới khởi động cái gg hết mẹ rồi",@hieuphan-ik1uy,1,2 tháng trước
ANH ƠI CHO TỤI EM XIN LINK SẢN PHẨM DỤNG CỤ SINH TỒN Ạ,@nnnminhthuan7136,0,2 tháng trước
Sao chơi lại vũ trụ kkk,@congdanh272,0,2 tháng trước
"Anh Lâm ơi, mình thử thách ở Vân Lại Viên đi anh",@binbinlee6434,0,2 tháng trước
Làm sao để được trải nghiệm sinh tồn vậy a lâm,@nhatvan7630,0,2 tháng trước
anh lâm nay để vỹ live chim đánh tài xỉu à vỹ nó live con binh88 đấy anh,@VanSu-y5y,0,2 tháng trước
Đợt này toàn dân chuyên đi thôi ❤,@hienvan2633,0,2 tháng trước
"Vũ Trụ rất ok, ủng hộ, chơi như vậy mới đúng",@dungduong3998,0,2 tháng trước
"Các bạn trong công ty chơi không nhiệt tình, không thích thì thôi, diễn mất hay Tú Ân... nhé",@dungduong3998,0,2 tháng trước
Anh chuoi chien,@phongtruongthanh865,0,2 tháng trước
MÌNH LÀ GIANG TRONG VIDEO NHÉ CÁC BẠN. SINH TỒN ĐÚNG LÀ NGUY HIỂM VÀ KHỐC LIỆT LẮM,@tocdovlog,1,2 tháng trước
"mới chơi gặp top server :))))) thiếu điều phải cho game khó hơn như tặng mỗi người các loại hạt giống, vừa sinh tồn vừa tạo ra được cây trồng lên dc mầm thì mới chiến thắng chẳng hạn :V",@nghiakhoihoang6824,0,2 tháng trước
kênh anh lâm làm những video này rất hay và cuốn tập sau anh mời sang vlog càng hay hơn nữa,@phuocbuihuu3822,0,2 tháng trước
Mong anh có vd khui hàng bom ạ❤❤,@TuDiep-uh3uc,0,2 tháng trước
Hay quá a ơi 👍👍👍,@TiểuMinhDương,0,2 tháng trước
Vòng sau hoặc vòng gala add a Lâm vào thì mới chiến và gây cấn video khó đoán kết quả hơn cảm ơn a.,@JOHNNYcvc,0,2 tháng trước
Vũ trụ phải sinh tồn với t may ra có đối chứ out trình quá.,@MêÂmĐạoSĩ,0,2 tháng trước
Vũ trụ vlogs chơi s mấy ng kia chơi lại chèn. Lụm 10 củ là đúng r,@hongloanphan7986,0,2 tháng trước
Vũ trụ thắng,@haihuynh3668,0,2 tháng trước
sinh tồn game mà mời vũ trụ trao giải trc khi choi cho xong. gặp bảng mềm ko kkk.tại giải 10tr ak chứ giải 500tr ông vũ trụ ổng đăng ký tạm trú trỏng luôn,@giaitrinhetv5607,0,2 tháng trước
2 idol chung 1 clip ❤❤,@kimthyong8655,0,2 tháng trước
"Tụi này yếu quá, mới khổ xíu đã đầu hàng, chắc toàn con gái thành phố 😀",@nguyentatluandanny,0,2 tháng trước
ah lâm lm thử thách sinh tồn cùng sang vlog đi anh🤣,@tiennguyentrong8847,0,2 tháng trước
Phút thứ 19 😅,@ThanhNguyen-td1mp,0,2 tháng trước
Vũ trụ có triển vọng á 😅😅😅,@ViệtTrần-r6r,0,2 tháng trước
vài giây đầu thấy Vũ là out trình rồi,@baoinh7545,0,2 tháng trước
Ông vũ trụ kinh nghiệm ghê thật,@phucminh7602,0,2 tháng trước
Mong anh lâm làm video người cuối cùng làm nhà trên cây và sinh tồn 50 giờ săn bắt và sống trên nhà cây.,@thulan431,1,2 tháng trước
❤❤❤,@tocdovlog,0,2 tháng trước
Anh Lâm mời vũ trụ hợp tác nhiều video nữa nhỉ,@baongoclethi5358,0,2 tháng trước
"Anh lâm mỗi năm lại càng già thêm 1 tuổi nên là quá là nhanh chóng , cả team của anh ai ai nhìn cũng già hết trơn à 😊",@tamlo4743,0,2 tháng trước
Cảm giác nay nhìn chất lượng video anh lâm nét thật,@trietvo3596,1,2 tháng trước
"Thích ông vũ trụ vãi, điềm tĩnh, bản lĩnh. Respect",@ThiSiLamTho,0,2 tháng trước
Lúc đầu ôg vũ trụ nói ng miền tây là biết thắng lun r,@PhátNguyễn-l9l,0,2 tháng trước
Ai kinh nghiệm bằng ông vũ trụ,@honphung1912,0,2 tháng trước
seri sinh tồn cho cu tú đi làm trò hề ak . hết ng hay sao vậy,@HoanNguyen-u8c,0,2 tháng trước
Mới vô xem nhưng thấy vũ trụ là hiểu ai thắng rồi,@LongHoang-y5t,0,2 tháng trước
Má vkl ai cho ông Vũ Trụ vô vậy out trình thật sự =)))),@HảiLê-y5m,0,2 tháng trước
Mấy em thấy giốnh vào rừng phá hoại cây hơn,@quanvu7761,0,2 tháng trước
Tú vô chỉ ngủ và ngủ😂,@linhvuinhon374,0,2 tháng trước
.,@TừtrongmáuKutô,0,2 tháng trước
Trong các tập sinh tồn thì tập này hay nhất vì có anh Vũ Trụ chơi đỉnh quá❤,@nongnu.4676,0,2 tháng trước
Sinh tồn đưa mấy thằng cộng tử bột. Cục nhớt nặng hơn số kí thì làm gì ăn. T toàn tua đến vtru vlog xen,@KhangNguyen-qw2ty,0,2 tháng trước
chưa chơi là biết vũ trụ thắng,@KhaTừ-b5k,0,2 tháng trước
không biết đến khi nào mới được thấy team anh Sang Vlog với team anh Lâm Vlog sinh tồn với nhau =)))),@HoangDo-f1y,1,2 tháng trước
"game này mà có Anh Sang Vlog là lụm cái giải luôn 
:))))))))))))))))))))))))))))))))",@PVIPPRO3,0,2 tháng trước
Mới coi thấy ông vũ trụ là đoán đc khoảng 95% là ai thắng rồi,@Huutri1990,0,2 tháng trước
Rồi rốt cuộc là chào các bạn hay chào cái bàn v 😳,@trongtran1208,0,2 tháng trước
ông Vũ Trụ chuyên sinh tồn mà game này ko win là dỡ à!,@minhphuoc2507,0,2 tháng trước
Sang vlog thì chỉ núp bụi sinh tồn 1 mình 😂😂😂,@Hotramvlog68,0,2 tháng trước
Mấy ông này mà chơi với vũ trụ thì phải gọi vũ trụ bằng cụ. Chấp ở trước 1 tuần cũng thắng mấy ông này,@anongnoitro6227,0,2 tháng trước
Anh mời LK hòa đi anh,@SỹNguyênPhạm-q4b,0,2 tháng trước
"chưa được 48 tiếng, có khi mình cũng được 10 củ",@ThangMap-en1iv,0,2 tháng trước
Vũ trụ được xem như chuyên gia sinh tồn đấu với anh ấy cũng hơi đuối á ❤,@quocduongtruong6009,0,2 tháng trước
Ông Vũ Trụ mà chơi thì còn  j hay hơn,@KinghunterVN,0,2 tháng trước
vu tru vlog out trình cả đám rồi! nhìn thấy tên là biết ai thắng luôn !,@TAINGUYEN-ui7zh,0,2 tháng trước
thấy a Vũ Trụ nắm chắc phần thắng lên 80%,@phucdeptraicogisai,1,2 tháng trước
"Gala ô Vũ Trụ lại húp tiếp cái giải, ngon lành",@nika6868,0,2 tháng trước
ok,@thanhtruonghong2541,0,2 tháng trước
lâu không xem Anh Lâm=)) giờ xem lại thấy ảnh đầy đặn ra nhìu ròi kkk,@hiennguyenthihien1839,0,2 tháng trước
Có sang vlog và khám phá biển tv thì gay cấn hơn a Lâm ơi!,@TấnvinhNguyễn-k8m,0,2 tháng trước
Toàn toxic chán😒,@Denji0268,0,2 tháng trước
Có Sang vlog mới căng,@kay1119,1,2 tháng trước
"Sao tôi xem video người khác thì bình thường, riêng xem bên này 2 kênh khi quảng cáo là bị lag giật",@taivan1380,0,2 tháng trước
A em chơi sao lại vũ trụ vlog 😊😊😊😊😊,@nhatvipham958,0,2 tháng trước
Em chờ tập này lâu lắm rồi,@NhuHuynh-sd8cx,0,2 tháng trước
"Mời nhầm người chơi:))
Vũ chụ có kênh về sinh tồn tên là vũ trụ vlog:))",@HungLohai-qp7yl,1,2 tháng trước
Tầm của vũ trụ thì mầy thí sinh kìa cửa gì,@ToanPhan-u7g,0,2 tháng trước
1 sao 10 sao đảo ngược đi anh,@MinhNguyễnQuang-s8n,1,2 tháng trước
Mình ủng hộ vũ trụ nha .nhìn thấy vũ trong vi deo này mình mấy xem,@ThilananhNguyen-xs8uo,1,2 tháng trước
vua sinh tồn mà,@PVIPPRO3,0,2 tháng trước
Ko có Vỹ hả anh,@ngoannguyenkg8295,0,2 tháng trước
A vũ trụ giỏi thật ❤,@quocle4933,0,2 tháng trước
Vu tru hay quá anh lam rồi,@Linhanh-1994,0,2 tháng trước
vũ trụ sinh tồn hay,@ducduyphannhu7716,0,2 tháng trước
"tập này sinh tồn k được hay cho lắm, chỉ toàn vô chịu đựng",@BoLinh-su7oj,0,2 tháng trước
Toàn diễn viên mõm hk đc mấy fen  chơi ra trò,@QuocnghiemCao,0,2 tháng trước
"Mơi vô thấy Vũ trụ là bjk ai win rồi kkk, mình fan vũ trụ nào giờ ❤❤",@TayĐang-e9m,0,2 tháng trước
Ông vũ trụ quá vip pro lun,@tankeotrang-xd2io,0,2 tháng trước
Trời mời Vũ Trụ Vlog ai sinh tồn lại ổng 😂,@TranHoang-nw8vz,0,2 tháng trước
"Qúa thích bạn vũ trụ luôn, qua đỉnh, cách sinh tồn xem cuốn hay, có giải trí, đấu gala thì tuyệt vời. hi vọng bạn sẽ được tham gia các tập sinh tồn của lâm vlog.",@Tuyduyen94,2,2 tháng trước
Rồi ai qua a vũ trụ nữa,@hienha2216,0,2 tháng trước
Anh sinh tồn ở đàm lấy đi,@NguyenHoangVuong2010,0,2 tháng trước
Vũ trụ thua game này tui bỏ fl luôn á 😂😂😂,@annguyenthanh7229,0,2 tháng trước
vu tru trum sinh ton thang la dung,@LeminhThuy-u6h,0,2 tháng trước
chào anh Lâm,@dphat0312,0,2 tháng trước
Mấy khách mời chán vl,@phutran8113,0,2 tháng trước
nhìn đội hình này là biết ai thắng rồi 😊. ông vũ thì kĩ năng sinh tồn đỉnh thôi rồi. hy vọng gala ổng bợ luôn kk,@bachduongnana6381,0,2 tháng trước
.,@mrdevia.0330,1,2 tháng trước
Quá dễ dàng với Vũ Trụ,@huynhphusi,0,2 tháng trước
"Líp này có ông Vũ Trụ vào cái khác bọt liền. Chơi rất điềm đạm, hiền lành và đẳng cấp. T sẽ đăng ký Vũ Trụ Vlogs.",@hungao3492,109,2 tháng trước
Pải mik là mik bất tử ln,@nguyenvanbao5767,0,2 tháng trước
Mong tập sau a mời sang vlog tham gia chắc sẽ hay lắm,@NhutGaming06,0,2 tháng trước
Trò chơi này hay và vui này. Sinh tồn kiểu này mình có thể ở cả năm trong rừng này.,@Binhyen99999,0,2 tháng trước
1 tập siêu hay là những ytb nổi tiếng nhất hội tụ làm 1 trận đại chiến sinh tồn như phd sang lâm hội tụ tập này k hấp dẫn ms lạ,@quyhan-h5p,0,2 tháng trước
Vũ Trụ sinh tồn đĩnh r,@PhanGioi-b1c,0,2 tháng trước
Ban giám khảo đừng có đi theo để nó tự sinh tồn một sẽ hay hơn vs nó tự cần máy quay như team PHD nó mới hay,@khangnhậtMinh19,0,2 tháng trước
Ông Vũ trụ vlog chắt sẽ thắng vì ổng chuyên gia đi sinh tồn sẽ thích nghi với trò này hơn mọi bạn khác,@ThucMinh-zr5jy,0,2 tháng trước
Like 👍🏻 cho e có sâu tôm 🦐.. e đó OK 👌 đấy,@huyenvictoria7694,0,2 tháng trước
Người miền Tây luôn luôn thắng 🎉,@VanongNguyen-ov4jz,0,2 tháng trước
Chỉ có vũ trụ có khả năng Sinh tồn rất tốt,@bangvan2017,0,2 tháng trước
"Ông Vũ Trụ Vlog này đúng là pro thật sự luôn! 💪 Map này vốn khó vì mưa nhiều, đường trơn trượt, ai yếu tay là bỏ cuộc ngay… vậy mà ổng vẫn sinh tồn một cách chill ơi là chill.
Ngay phần mở đầu video thôi là đã thấy “full” kỹ năng sinh tồn rồi – từ dựng lều, nhóm lửa tới kiếm đồ ăn đều gọn gàng, nhanh chóng.
Xem xong thấy nể quá nên mình đã sub ngay cho Vũ Trụ Vlog. Không biết ở đây có ai cũng fan của ổng giống mình không? 🙌🔥",@ĐAMMÊTIPCLUP,0,2 tháng trước
10p 5 quảng cáo. biết là quảng cáo để có doanh thu nhưng mà cũng vừa thôi chứ xem ức chế ko chịu đc !,,0,2 tháng trước
Mình thấy nên có một tập đặc biệt mời các ytb về chủ đề sinh tồn về làm thử thách cho nó hấp dẫn,@NamLe-sx9lg,0,2 tháng trước
Làm gala sinh tồn theo team đi a lâm Gala lớn nhất luôn - Team PHD - Sang Vlog - Thánh xàm Vlog nữa 😂,@uongtang957,0,2 tháng trước
Máy ông này đầu hàng sớm vậy,@xitray7hoc,0,2 tháng trước
"Vũ tru dễ thương thật thà, coi cuốn coi ổng nhớ a thương sinh tồn ghê 😅",@lephung4706,0,2 tháng trước
uot trình hẳn mà mời thì không công bằng cho người khác r,@dnnhannn,0,2 tháng trước
42:33 cười điên,@thuongpham12345,0,2 tháng trước
Mới mở lên là biết ai thắng luôn 😂 có coi ông vũ trụ sinh tồn rồi,@nguyenngoctan8089,0,2 tháng trước
anh vũ trụ quá mạnh,@MinhNguyen-r2p2w,0,2 tháng trước
=)))  lụm 10 triệu,@PVIPPRO3,0,2 tháng trước
Nhìn ông Vũ trụ Giỏi vãi,@Jahhmvtiah123,0,2 tháng trước
Tui mời chơi ai ngờ mời ngây trùm sinh tồn chuyển sinh,@HangKhach-v8y8d,0,2 tháng trước
Chưa thấy ăn mừng nút kim cương ak xếp,@l-v-tmtvnhatbancuocsong5222,0,2 tháng trước
Chưa xem thết mà có ông Vũ trụ vlog là mình biết ai thắng rồi,@tranhong9824,0,2 tháng trước
Clip rat hay lau rồi mới xem thử thách sinh tồn kenh của a lâm . mình là tín đồ mê sinh tồn . có dip minh cũng muốn duoc tham gia,@taidang1888,0,2 tháng trước
Sinh tồn trọng rừng tưởng dê.hỏi khỏ làm 😂,@BeoSiu-h4o8l,0,2 tháng trước
"Vũ trụ sinh tồn là đỉnh rồi, thêm Hiêud TV nữa",@MườiLâmNgọc,0,2 tháng trước
Ôg Vũ Trụ ao trình vãi😂😂,@Siang-kf3nu,0,2 tháng trước
ông vũ trụ sinh tồn mà chill vãi nhìn kiểu này tui cx muốn đi sinh tồn,@vunguyen-wf2vu,2,2 tháng trước
"Ân sinh tồn được vậy là cũng giỏi r, mưa nắng khắt nghiệt, còn anh vũ trụ thắng xứng đáng sinh tồn quá giữ, làm chỗ ở chuẩn bị mọi thứ cũng chu đáo",@TuyetDinh-l2f,0,2 tháng trước
Vũ trụ quá đỉnh luôn anh,@NgocLe-h1j3u,0,2 tháng trước
Like mạnh tay mọi người ơi❤❤,@HaoNhat-t6r,0,2 tháng trước
Vũ trụ out trình quá😂,@nhatpham8778,0,2 tháng trước
Anh thử làm sinh tồn tem anh với tem phương hữu dưỡng đi anh mong anh làm,@BaorPhan-i5h,0,2 tháng trước
Quảng cáo chen ngang nhiều quá. Đang cuốn vài phút lại bị chen ngang,@nguyenquangvps4767,0,2 tháng trước
Ông lầm mời trúng pro vu sao mấy ông kia chơi lại. Tập sau mới sang vlog mới cân được với vu nha,@Kimthien123,0,2 tháng trước
ông vũ trụ hnhu trước có xuát hiện trên kênh phd r dko,@minhquan-depgai,0,2 tháng trước
vũ trụ ao trình quá,@KiệtDanh-r2l,0,2 tháng trước
"Mới vào thấy ông vu tru vlogger là tui biết ông sẽ thắng mà, ông giỏi lắm hâm mộ ông vu tru vlogger quá đi ❤❤❤",@phuocphan7144,0,2 tháng trước
Vũ trụ st hay quá 🎉,@haumobai8903,0,2 tháng trước
Ông vũ trụ out trình quá😂,@HuyĐoàn-g6p,0,2 tháng trước
Tú chơi chán quá,@THÔNGLỆ-VIÊN,0,2 tháng trước
Vòng sauu mời sang vlog đi a,@ĐạtVõ-m2d,0,2 tháng trước
Vũ trụ đúng vũ trụ,@arain9365,0,2 tháng trước
chắc ah tú nhớ vợ con r 🤣,@hhoyzz491,1,2 tháng trước
Mấy ông nào mà làm ruộng chuyền làm chân tay vài chắc thắng,@thichbaychuotdong123,0,2 tháng trước
Tập này người chơi yếu quá tạch sớm,@thichbaychuotdong123,0,2 tháng trước
Tập sau lên núi sinh tồn luôn anh😂,@GiangVi-z7c,0,2 tháng trước
Vũ trụ nên lập kênh Youtube sinh tồn...,@nguy3n-huy,0,2 tháng trước
Cái thằng kêu sinh tồn 20 ngày sao mà nó xộn lào dữ vậy lâm,@thuanpham8840,0,2 tháng trước
Thương khả năng gặp bài toán khó vũ trụ r,@DungNguyen-bn8ng,0,2 tháng trước
Sinh tồn thì ông vũ trụ trùm việt nam luon,@thanhpubgmobile7464,0,2 tháng trước
Ước gì được tham gia thử thách trong tame anh lâm 1 lần hâm mộ 10 mấy năm rồi 😢😢😢 cứu tui,@PhaNguyễn-v6t,0,2 tháng trước
anh Trong lên sóng kkk,@MrBINrayz,0,2 tháng trước
ước gì được a lâm mời đi thử thách xin tồn chúc a lâm nhiều sức khỏe và cả tem❤,@Lâm-m1b1j,0,2 tháng trước
anh làm chủ đề sinh tồn trên đảo hoang và tự thoát ra khỏi đảo đi ạ mong anh làm,@thanhphuang-cp9mc,0,2 tháng trước
Ông vũ trụ này thì out trình rồi . Coi videos của ổng mê luôn :))),@Alexbi121,0,2 tháng trước
E nghĩ tập sau sẽ ở rừng ngập mặn thì hay❤❤,@Tha99-h7e,0,2 tháng trước
Đôi nhà làm lúc nào chơi cũng thấy ngủ,@trungdungthegialevandung1215,0,2 tháng trước
"Th Tú tham gia làm gì? Tham gia video mà tinh thần kh có, lều không dựng, nằm ngủ từ đầu đến cuối thì nghỉ mẹ đi đỡ rác 😂",@HồngĐứcPhạm-y7n,0,2 tháng trước
Phải có ng nhà 2 3 người để video đỡ chán má ơi,@namvlogs8018,0,2 tháng trước
" @namvlogs8018 ai cũng biết điều đấy. Nhưng cái t muốn nói là cái thái độ và sự thiếu chuyên nghiệp khi tham gia video m hiểu kh? Cùng là người nhà nhưng Ân và Thương luôn tham gia hết mình, còn đây là lười, là ỷ nại, là ăn sẵn. Từ lúc nó vào đến bây giờ tính xem phải đến 100 cái clip có dựng lều sinh tồn chưa mà nó kh dựng được?",@HồngĐứcPhạm-y7n,0,2 tháng trước
" @HồngĐứcPhạm-y7n  mỗi người có mỗi thế mạnh khác nhau, xem mấy clip ăn uống nó lụm đc bao nhiêu 10tr rồi?",@namvlogs8018,0,2 tháng trước
Vũ trụ đung đăng cấp câu cá kiếm đồ ăn rất đơn giản,@trungdungthegialevandung1215,0,2 tháng trước
"Anh Vũ Trụ biết cách nói chuyện và sinh tồn hay ghê, trong team có anh thì nấy video sinh tồn cắm trại sẽ rất thú vị",@nhatlong323,1,2 tháng trước
Anh làm về game đi,@GàconGaming-w2e,0,2 tháng trước
Không cần nói cũng biết vũ trụ Thắng,@trungdungthegialevandung1215,0,2 tháng trước
"Fan vũ trụ,cố lên vũ trụ ơi",@21_PlayWwithRu,0,2 tháng trước
Sao a mua cả 2năm rồi có thấy cuộc gọi nào đâu,@lapho-pv9xe,0,2 tháng trước
Uầy anh vũ trụ vlog kìa,@thingadu6489,0,2 tháng trước
Vũ Trụ vô đây tìm đâu ra đối thủ. Vua tạo lửa mà,@phuongsmile482,0,2 tháng trước
Mấy ông nho kỹ năng sinh tồn không có tạo lửa không được,@trungdungthegialevandung1215,0,2 tháng trước
vũ trụ out trình quá,@huytran-j6f,0,2 tháng trước
Đối thủ nặng kí của vòng gala,@tlmusic5285,0,2 tháng trước
a lâm làm thử thách st 50 ng trên đảo đi a tiền thưởng 50 củ là mn chơi hết mình luôn,@hoango223,0,2 tháng trước
"Ô vũ trụ try hard quá,kênh Sinh tồn phải khác bọt chứ lị",@khamnguyenduc,0,2 tháng trước
Đúg tủ của vũ trụ vlog r🎉🎉🎉,@VinhNguyen-ph1sb,0,2 tháng trước
"Nhỏ tới giờ xem 4 kênh YTB:Lâm Vlog;Tony TV;ABP TV;Trang and Vinh,ấn tượng và xem từ lúc 4-5 tuổi là team Lâm Vlog và Tony TV,ABP TV",@huyenmy4528,1,2 tháng trước
chua xem la e don dc a vu thang chac lun kkk,@khanhlamvlog,0,2 tháng trước
mời đúng thằng hay làm clip sinh tồn trên yt thì chả thắng mới lạ.nhìn đoạn đầu bít trk kết quả r,@anhhung0290,0,2 tháng trước
hhh,@lofisad7523,0,2 tháng trước
Vũ trụ out trình quá r,@tuanmaikhoa3410,0,2 tháng trước
"Anh Vũ Trụ Uy Tín quá. Trái măn cụt rừng, ở quê e hay kêu trái bứa",@TuanAnh-cq1711,0,2 tháng trước (đã chỉnh sửa)
"Em nghĩ,em tự tin nhắn là ông Vũ trụ thắng",@TiềnHữu-o3r,0,2 tháng trước
Vòng gala a Lâm tham gia luôn thì chắc kịch tính hơn,@thuanlam2542,0,2 tháng trước
Thik nhất vũ trụ,@NghiaLeTrong-qn1oj,0,2 tháng trước
"Nếu sinh tồn, ko ai hơn vủ trụ tv",@nguyenbaolamnguyen3828,0,2 tháng trước
Đầu clip thấy Vũ Trụ là biết nhà vô địch rồi ❤❤❤,@CampWaysVlog,0,2 tháng trước
Chỗ e,@KhuongNguyenThi-ly9gl,0,2 tháng trước
Trái đỏ đó,@tonle3330,0,2 tháng trước
Edit kiểu này thấy vui quá anh Lâm 😂,@TuấnTuấn-v8f1z,0,2 tháng trước
"Nước suối toàn vắt đỉa giun mà ông uống ko đun luôn, xong chương trình lại nhập viện",@TkPreminum,0,2 tháng trước
Fan của lâm 1 nữa kéo qua vủ trụ😊,@lekhanhlinh2089,0,2 tháng trước
Vũ trụ quá đỉnh❤❤,@LĩnhChí-o4y,1,2 tháng trước
Ông này thành công trên kênh youtube thật,@TkPreminum,0,2 tháng trước
Mới vô thấy ông Vũ Trụ là thấy try hard rồi :)),@ledangkhoa1984,0,2 tháng trước
Mình bảo đảm là vũ trụ viloc thằng một trăm phần trăm,@TrăngNgọc-o8s,0,2 tháng trước
"Ông vũ trụ đỉnh vãi, out trình luôn mọi người vào đăng kí cho ổng nha",@HảianNguyễn-e3x,0,2 tháng trước
"Anh vũ trụ dễ thương vãi, quay tới ổng là mắc cười",@taibuinguyenminh5164,1,2 tháng trước
Nay kênh còn có trùm sinh tồn ghé qua nx😆,@huyềnphạm-y1f,0,2 tháng trước
